supermarket_id,source_category,department,category,subcategory,level
colonial,Abarrotes,Alimentos,Abarrotes,,category
colonial,Bebidas Alcohólicas,Bebidas y tabaco,Bebidas alcohólicas,,category
colonial,Bebidas No Alcohólicas,Bebidas y tabaco,Bebidas sin alcohol,,category
colonial,Carnes y Refrigerados,Alimentos,,,department
colonial,Colonial,Alimentos,Congelados y comidas preparadas,Comida preparada y deli,subcategory
colonial,Cuidado Personal,Cuidado personal y belleza,,,department
colonial,Frutas y Verduras,Alimentos,Frutas y verduras,,category
colonial,Hogar y Limpieza,Limpieza,,,department
colonial,Mascotas,Mascotas,,,department
colonial,Snack,Alimentos,Snacks y dulces,,category
comisariato_los_andes,ACCESORIOS,Mascotas,Accesorios e higiene de mascotas,Accesorios y juguetes para mascotas,subcategory
comisariato_los_andes,ACEITES VINAGRES Y MANTECAS,Alimentos,Abarrotes,Aceites y grasas,subcategory
comisariato_los_andes,ACEITUNAS,Alimentos,Abarrotes,Enlatados y conservas,subcategory
comisariato_los_andes,AGUA,Bebidas y tabaco,Bebidas sin alcohol,Agua,subcategory
comisariato_los_andes,ALIMENTOS,Alimentos,,,department
comisariato_los_andes,ARTICULOS DE ALUMINIO,Limpieza,Papel y desechables,"Bolsas, aluminio y envolturas",subcategory
comisariato_los_andes,ASEO COCINA,Limpieza,Limpieza del hogar,,category
comisariato_los_andes,ASEO HOGAR,Limpieza,Limpieza del hogar,,category
comisariato_los_andes,AURITIENDA,,,,by_name
comisariato_los_andes,BACON,Alimentos,"Carnes, aves y mariscos",Embutidos y carnes frías,subcategory
comisariato_los_andes,BEBIDAS EN POLVO,Bebidas y tabaco,Bebidas sin alcohol,Bebidas en polvo y concentrados,subcategory
comisariato_los_andes,BEBIDAS HIDRATANTES,Bebidas y tabaco,Bebidas sin alcohol,Energizantes e hidratantes,subcategory
comisariato_los_andes,BOLSAS PARA ALIMENTOS,Limpieza,Papel y desechables,"Bolsas, aluminio y envolturas",subcategory
comisariato_los_andes,BOLSAS PARA BASURA,Limpieza,Papel y desechables,Bolsas para basura,subcategory
comisariato_los_andes,BOTES Y ENLATADOS,Alimentos,Abarrotes,Enlatados y conservas,subcategory
comisariato_los_andes,CAFÉ,Bebidas y tabaco,"Café, té e infusiones",Café,subcategory
comisariato_los_andes,CARBONATADOS,Bebidas y tabaco,Bebidas sin alcohol,Gaseosas,subcategory
comisariato_los_andes,CERDO,Alimentos,"Carnes, aves y mariscos",Cerdo,subcategory
comisariato_los_andes,CEREALES,Alimentos,Abarrotes,"Cereales, avenas y barras",subcategory
comisariato_los_andes,CERVEZA,Bebidas y tabaco,Bebidas alcohólicas,Cerveza,subcategory
comisariato_los_andes,CHORIZOS,Alimentos,"Carnes, aves y mariscos",Embutidos y carnes frías,subcategory
comisariato_los_andes,COCINA INTERNACIONAL,Alimentos,Abarrotes,Productos vegetales y especialidades,subcategory
comisariato_los_andes,CONDIMENTOS,Alimentos,Abarrotes,Especias y condimentos,subcategory
comisariato_los_andes,CRISTALERIA,Hogar y cocina,Cocina,"Recipientes, termos y botellas",subcategory
comisariato_los_andes,DERIVADOS,Alimentos,Lácteos y huevos,"Mantequillas, margarinas y cremas",subcategory
comisariato_los_andes,DULCERIA,Alimentos,Snacks y dulces,Dulces y chocolates,subcategory
comisariato_los_andes,ENERGIZANTES,Bebidas y tabaco,Bebidas sin alcohol,Energizantes e hidratantes,subcategory
comisariato_los_andes,EQUIPOS DE COCINA,Electrónica y electrodomésticos,Electrodomésticos,Pequeños electrodomésticos,subcategory
comisariato_los_andes,ESPECIALIDADES,,,,by_name
comisariato_los_andes,FRUTAS,Alimentos,Frutas y verduras,Frutas,subcategory
comisariato_los_andes,FRUTAS Y VEGETALES,Alimentos,,,department
comisariato_los_andes,GALLETAS Y BOTANAS,Alimentos,Snacks y dulces,,category
comisariato_los_andes,GELATINAS Y FLANES,Alimentos,Snacks y dulces,"Gelatinas, flanes y postres",subcategory
comisariato_los_andes,GRANOS HARINAS Y PASTAS,Alimentos,Abarrotes,,category
comisariato_los_andes,HIGIENE BUCAL,Cuidado personal y belleza,Higiene bucal,,category
comisariato_los_andes,HIGIENE CORPORAL,Cuidado personal y belleza,Higiene corporal,,category
comisariato_los_andes,HIGIENE Y ACCESORIOS,Bebé,Baño y cuidado del bebé,Baño y cuidado del bebé,subcategory
comisariato_los_andes,HIGIENE Y SALUD,Mascotas,Accesorios e higiene de mascotas,Higiene y salud de mascotas,subcategory
comisariato_los_andes,HUEVOS,Alimentos,Lácteos y huevos,Huevos,subcategory
comisariato_los_andes,ICE CREAM,Alimentos,Congelados y comidas preparadas,Helados y postres congelados,subcategory
comisariato_los_andes,JAMONES,Alimentos,"Carnes, aves y mariscos",Embutidos y carnes frías,subcategory
comisariato_los_andes,JARDINERIA,Hogar y cocina,Jardín y exteriores,Jardinería,subcategory
comisariato_los_andes,JUGOS,Bebidas y tabaco,Bebidas sin alcohol,Jugos y néctares,subcategory
comisariato_los_andes,JUGUETES,Juguetes,Juguetes,,category
comisariato_los_andes,LAVANDERIA,Limpieza,Lavandería,,category
comisariato_los_andes,LECHE,Alimentos,Lácteos y huevos,Leche,subcategory
comisariato_los_andes,LECHE NO LACTEA,Bebidas y tabaco,Bebidas sin alcohol,Bebidas vegetales,subcategory
comisariato_los_andes,LICORES,Bebidas y tabaco,Bebidas alcohólicas,Licores,subcategory
comisariato_los_andes,LIMPIEZA Y ACCESORIOS,Limpieza,Limpieza del hogar,Accesorios de limpieza,subcategory
comisariato_los_andes,MARISCOS,Alimentos,"Carnes, aves y mariscos",Pescados y mariscos,subcategory
comisariato_los_andes,MEZCLADORES,Bebidas y tabaco,Bebidas alcohólicas,Mezcladores,subcategory
comisariato_los_andes,MONTES,Alimentos,Frutas y verduras,Hierbas y montes,subcategory
comisariato_los_andes,OTRAS CARNES,Alimentos,"Carnes, aves y mariscos",Proteínas vegetales,subcategory
comisariato_los_andes,PANADERIA Y REPOSTERIA,Alimentos,Panadería y tortillas,,category
comisariato_los_andes,PAPEL HIGIENICO,Limpieza,Papel y desechables,Papel higiénico,subcategory
comisariato_los_andes,PAÑALES DE ADULTO,Salud y farmacia,Salud sexual e incontinencia,Incontinencia adulto,subcategory
comisariato_los_andes,PAÑALES DE NIÑOS,Bebé,Pañales y toallitas,Pañales,subcategory
comisariato_los_andes,POLLO,Alimentos,"Carnes, aves y mariscos",Pollo y pavo,subcategory
comisariato_los_andes,QUESO,Alimentos,Lácteos y huevos,Quesos,subcategory
comisariato_los_andes,READY TO GO,Alimentos,Congelados y comidas preparadas,Comida preparada y deli,subcategory
comisariato_los_andes,RES,Alimentos,"Carnes, aves y mariscos",Res,subcategory
comisariato_los_andes,SALSAS Y ADEREZOS,Alimentos,Abarrotes,"Salsas, aderezos y vinagres",subcategory
comisariato_los_andes,SERVILLETAS Y PAPEL TOALLA,Limpieza,Papel y desechables,Papel toalla y servilletas,subcategory
comisariato_los_andes,SOPAS,Alimentos,Abarrotes,Sopas y comidas instantáneas,subcategory
comisariato_los_andes,TABACOS,Bebidas y tabaco,Tabaco,Cigarrillos,subcategory
comisariato_los_andes,TE,Bebidas y tabaco,"Café, té e infusiones",Té e infusiones,subcategory
comisariato_los_andes,TEMPORADAS,,,,by_name
comisariato_los_andes,TOALLAS SANITARIAS Y PROTECTORES,Cuidado personal y belleza,Higiene femenina e íntima,"Toallas, protectores y tampones",subcategory
comisariato_los_andes,UTENSILIOS DEL HOGAR,,,,by_name
comisariato_los_andes,UTENSILIOS DESECHABLES,Limpieza,Papel y desechables,,category
comisariato_los_andes,VEGETALES,Alimentos,Frutas y verduras,Verduras,subcategory
comisariato_los_andes,VINOS,Bebidas y tabaco,Bebidas alcohólicas,Vinos,subcategory
comisariato_los_andes,YOGURT,Alimentos,Lácteos y huevos,Yogurt,subcategory
la_colonia,Supermercado > Abarrotes > Aceites y Mantecas,Alimentos,Abarrotes,Aceites y grasas,subcategory
la_colonia,Supermercado > Abarrotes > Arroz,Alimentos,Abarrotes,"Arroz, granos y legumbres",subcategory
la_colonia,"Supermercado > Abarrotes > Café, Tés e Infusiones",Bebidas y tabaco,"Café, té e infusiones",,category
la_colonia,"Supermercado > Abarrotes > Cereales, Avenas, Granolas y Barras",Alimentos,Abarrotes,"Cereales, avenas y barras",subcategory
la_colonia,Supermercado > Abarrotes > Endulzante,Alimentos,Abarrotes,Azúcar y endulzantes,subcategory
la_colonia,Supermercado > Abarrotes > Enlatados y Empacados,Alimentos,Abarrotes,Enlatados y conservas,subcategory
la_colonia,Supermercado > Abarrotes > Frijoles,Alimentos,Abarrotes,"Arroz, granos y legumbres",subcategory
la_colonia,Supermercado > Abarrotes > Galletas,Alimentos,Snacks y dulces,Galletas,subcategory
la_colonia,Supermercado > Abarrotes > Harinas,Alimentos,Abarrotes,Harinas y repostería,subcategory
la_colonia,"Supermercado > Abarrotes > Leches en Polvo, Suplementos y Modificadores",Alimentos,Lácteos y huevos,Leche,subcategory
la_colonia,"Supermercado > Abarrotes > Panqueques, Jaleas, Cremas para Untar y Miel",Alimentos,Abarrotes,"Untables, mermeladas y miel",subcategory
la_colonia,"Supermercado > Abarrotes > Pastas, Tamales y Puré de Papas",Alimentos,Abarrotes,Pastas,subcategory
la_colonia,Supermercado > Abarrotes > Postres y Frutas en Conserva,Alimentos,Abarrotes,Enlatados y conservas,subcategory
la_colonia,Supermercado > Abarrotes > Repostería,Alimentos,Abarrotes,Harinas y repostería,subcategory
la_colonia,"Supermercado > Abarrotes > Salsas, Aderezos y Toppings",Alimentos,Abarrotes,"Salsas, aderezos y vinagres",subcategory
la_colonia,Supermercado > Abarrotes > Snacks,Alimentos,Snacks y dulces,,category
la_colonia,"Supermercado > Abarrotes > Sopas, Cremas y Condimentos",Alimentos,Abarrotes,Especias y condimentos,subcategory
la_colonia,Supermercado > Artículos para el Hogar y Útiles > Artículos para el Hogar,Hogar y cocina,,,department
la_colonia,Supermercado > Artículos para el Hogar y Útiles > Artículos para la Cocina,Hogar y cocina,Cocina,,category
la_colonia,Supermercado > Artículos para el Hogar y Útiles > Decoración de Temporada,Hogar y cocina,Decoración,Decoración de temporada,subcategory
la_colonia,Supermercado > Artículos para el Hogar y Útiles > Escolar y Útiles,"Papelería, oficina y fiestas",Papelería y oficina,Útiles escolares y de oficina,subcategory
la_colonia,Supermercado > Artículos para el Hogar y Útiles > Jardinería y Exteriores,Hogar y cocina,Jardín y exteriores,,category
la_colonia,Supermercado > Artículos para el Hogar y Útiles > Juguetes,Juguetes,Juguetes,,category
la_colonia,Supermercado > Artículos para el Hogar y Útiles > Ropa,"Ropa, calzado y accesorios",Ropa,,category
la_colonia,Supermercado > Artículos para el Hogar y Útiles > Toallas,Hogar y cocina,Blancos,Toallas,subcategory
la_colonia,Supermercado > Bebidas y Jugos > Aguas,Bebidas y tabaco,Bebidas sin alcohol,Agua,subcategory
la_colonia,Supermercado > Bebidas y Jugos > Bebidas Refrescantes,Bebidas y tabaco,Bebidas sin alcohol,,category
la_colonia,Supermercado > Bebidas y Jugos > Jugos,Bebidas y tabaco,Bebidas sin alcohol,Jugos y néctares,subcategory
la_colonia,Supermercado > Bebidas y Jugos > Refrescos,Bebidas y tabaco,Bebidas sin alcohol,Gaseosas,subcategory
la_colonia,Supermercado > Bebé y Niños > Accesorios para Bebe,Bebé,"Accesorios, coches y cunas","Accesorios, coches y cunas",subcategory
la_colonia,Supermercado > Bebé y Niños > Alimentacion Bebé y Niños,Bebé,Alimentación del bebé,,category
la_colonia,Supermercado > Bebé y Niños > Cuidado y Aseo: Bebé y Niños,Bebé,Baño y cuidado del bebé,Baño y cuidado del bebé,subcategory
la_colonia,Supermercado > Bebé y Niños > Pañales y Calzones para Bebé,Bebé,Pañales y toallitas,Pañales,subcategory
la_colonia,Supermercado > Belleza y Cuidado Personal > Afeitada y Depilación,Cuidado personal y belleza,Afeitado y depilación,Afeitado y depilación,subcategory
la_colonia,Supermercado > Belleza y Cuidado Personal > Cuidado Corporal,Cuidado personal y belleza,Higiene corporal,,category
la_colonia,Supermercado > Belleza y Cuidado Personal > Cuidado Facial,Cuidado personal y belleza,Cuidado facial,,category
la_colonia,Supermercado > Belleza y Cuidado Personal > Cuidado Oral,Cuidado personal y belleza,Higiene bucal,,category
la_colonia,Supermercado > Belleza y Cuidado Personal > Cuidado de Uñas,Cuidado personal y belleza,Maquillaje y uñas,Uñas,subcategory
la_colonia,Supermercado > Belleza y Cuidado Personal > Cuidado del Cabello,Cuidado personal y belleza,Cuidado del cabello,,category
la_colonia,Supermercado > Belleza y Cuidado Personal > Desechables Higiene y Belleza Personal,Cuidado personal y belleza,Básicos de higiene,"Algodón, hisopos y pañuelos",subcategory
la_colonia,Supermercado > Belleza y Cuidado Personal > Desodorantes Hombres,Cuidado personal y belleza,Higiene corporal,Desodorantes,subcategory
la_colonia,Supermercado > Belleza y Cuidado Personal > Desodorantes Mujer,Cuidado personal y belleza,Higiene corporal,Desodorantes,subcategory
la_colonia,Supermercado > Belleza y Cuidado Personal > Farmacia,Salud y farmacia,,,department
la_colonia,Supermercado > Belleza y Cuidado Personal > Protección Femenina,Cuidado personal y belleza,Higiene femenina e íntima,,category
la_colonia,Supermercado > Carnes y Aves > Cerdo,Alimentos,"Carnes, aves y mariscos",Cerdo,subcategory
la_colonia,Supermercado > Carnes y Aves > Pavo,Alimentos,"Carnes, aves y mariscos",Pollo y pavo,subcategory
la_colonia,Supermercado > Carnes y Aves > Pollo,Alimentos,"Carnes, aves y mariscos",Pollo y pavo,subcategory
la_colonia,Supermercado > Carnes y Aves > Res,Alimentos,"Carnes, aves y mariscos",Res,subcategory
la_colonia,Supermercado > Cervezas Licores y Vinos > Cervezas,Bebidas y tabaco,Bebidas alcohólicas,Cerveza,subcategory
la_colonia,Supermercado > Cervezas Licores y Vinos > Cigarros,Bebidas y tabaco,Tabaco,Cigarrillos,subcategory
la_colonia,Supermercado > Cervezas Licores y Vinos > Licores,Bebidas y tabaco,Bebidas alcohólicas,Licores,subcategory
la_colonia,Supermercado > Cervezas Licores y Vinos > Vinos,Bebidas y tabaco,Bebidas alcohólicas,Vinos,subcategory
la_colonia,Supermercado > Congelados y Refrigerados > Comidas Listas,Alimentos,Congelados y comidas preparadas,Comidas listas y congeladas,subcategory
la_colonia,Supermercado > Congelados y Refrigerados > Concentrado de Frutas,Bebidas y tabaco,Bebidas sin alcohol,Bebidas en polvo y concentrados,subcategory
la_colonia,Supermercado > Congelados y Refrigerados > Hielo,Alimentos,Congelados y comidas preparadas,Hielo,subcategory
la_colonia,Supermercado > Congelados y Refrigerados > Postres,Alimentos,Congelados y comidas preparadas,,category
la_colonia,Supermercado > Cuidado del Hogar > Ambientadores,Limpieza,Aromatizantes,Aromatizantes,subcategory
la_colonia,Supermercado > Cuidado del Hogar > Desechables de Hogar y Fiesta,Limpieza,Papel y desechables,,category
la_colonia,Supermercado > Cuidado del Hogar > Lavandería y Calzado,Limpieza,Lavandería,,category
la_colonia,Supermercado > Cuidado del Hogar > Limpieza de Frutas y Verduras,Limpieza,Limpieza del hogar,Limpiadores multiusos y de cocina,subcategory
la_colonia,Supermercado > Cuidado del Hogar > Limpieza del Hogar,Limpieza,Limpieza del hogar,,category
la_colonia,Supermercado > Embutidos > Chorizos y Salchichas,Alimentos,"Carnes, aves y mariscos",Embutidos y carnes frías,subcategory
la_colonia,Supermercado > Embutidos > Especialidades de Embutidos,Alimentos,"Carnes, aves y mariscos",Embutidos y carnes frías,subcategory
la_colonia,Supermercado > Embutidos > Jamones y Mortadelas,Alimentos,"Carnes, aves y mariscos",Embutidos y carnes frías,subcategory
la_colonia,Supermercado > Embutidos > Salami y Peperoni,Alimentos,"Carnes, aves y mariscos",Embutidos y carnes frías,subcategory
la_colonia,Supermercado > Frutas y Verduras > Frutas,Alimentos,Frutas y verduras,Frutas,subcategory
la_colonia,Supermercado > Frutas y Verduras > Verduras,Alimentos,Frutas y verduras,Verduras,subcategory
la_colonia,"Supermercado > Lácteos, no Lácteos, Derivados y Huevos > Bebidas no Lácteas",Bebidas y tabaco,Bebidas sin alcohol,Bebidas vegetales,subcategory
la_colonia,"Supermercado > Lácteos, no Lácteos, Derivados y Huevos > Dips de Queso",Alimentos,Lácteos y huevos,Quesos,subcategory
la_colonia,"Supermercado > Lácteos, no Lácteos, Derivados y Huevos > Huevos",Alimentos,Lácteos y huevos,Huevos,subcategory
la_colonia,"Supermercado > Lácteos, no Lácteos, Derivados y Huevos > Leches Líquidas",Alimentos,Lácteos y huevos,Leche,subcategory
la_colonia,"Supermercado > Lácteos, no Lácteos, Derivados y Huevos > Mantequillas y Margarinas",Alimentos,Lácteos y huevos,"Mantequillas, margarinas y cremas",subcategory
la_colonia,"Supermercado > Lácteos, no Lácteos, Derivados y Huevos > Quesos",Alimentos,Lácteos y huevos,Quesos,subcategory
la_colonia,"Supermercado > Lácteos, no Lácteos, Derivados y Huevos > Yogurt",Alimentos,Lácteos y huevos,Yogurt,subcategory
la_colonia,Supermercado > Mascotas,Mascotas,,,department
la_colonia,Supermercado > Mascotas > Accesorios para Mascotas,Mascotas,Accesorios e higiene de mascotas,Accesorios y juguetes para mascotas,subcategory
la_colonia,Supermercado > Mascotas > Alimentos para Mascotas,Mascotas,,,department
la_colonia,Supermercado > Mascotas > Cuidado y Limpieza para Mascotas,Mascotas,Accesorios e higiene de mascotas,Higiene y salud de mascotas,subcategory
la_colonia,Supermercado > Panadería y Tortillas > Panadería,Alimentos,Panadería y tortillas,,category
la_colonia,Supermercado > Panadería y Tortillas > Tortillas,Alimentos,Panadería y tortillas,Tortillas,subcategory
la_colonia,"Supermercado > Pescados y Mariscos > Camarones, Langosta, Cangrejo y Jaiba",Alimentos,"Carnes, aves y mariscos",Pescados y mariscos,subcategory
la_colonia,Supermercado > Pescados y Mariscos > Otros Mariscos,Alimentos,"Carnes, aves y mariscos",Pescados y mariscos,subcategory
la_colonia,"Supermercado > Pescados y Mariscos > Pescados Enteros, Filetes y Atún",Alimentos,"Carnes, aves y mariscos",Pescados y mariscos,subcategory
paiz,/Abarrotes/,Alimentos,Abarrotes,,category
paiz,/Abarrotes/Aceites de cocina/Aceite Spray/,Alimentos,Abarrotes,Aceites y grasas,subcategory
paiz,/Abarrotes/Aceites de cocina/Aceite de Canola/,Alimentos,Abarrotes,Aceites y grasas,subcategory
paiz,/Abarrotes/Aceites de cocina/Aceite de Maíz/,Alimentos,Abarrotes,Aceites y grasas,subcategory
paiz,/Abarrotes/Aceites de cocina/Aceite de Oliva/,Alimentos,Abarrotes,Aceites y grasas,subcategory
paiz,/Abarrotes/Aceites de cocina/Aceite de Semillas y Vegetal/,Alimentos,Abarrotes,Aceites y grasas,subcategory
paiz,/Abarrotes/Aceites de cocina/Manteca/,Alimentos,Abarrotes,Aceites y grasas,subcategory
paiz,/Abarrotes/Alimentos Instantáneos/Cremas Instantáneas/,Alimentos,Abarrotes,Sopas y comidas instantáneas,subcategory
paiz,/Abarrotes/Alimentos Instantáneos/Pasta y Sopa Instantánea/,Alimentos,Abarrotes,Sopas y comidas instantáneas,subcategory
paiz,/Abarrotes/Alimentos Instantáneos/Pure instantáneo/,Alimentos,Abarrotes,Sopas y comidas instantáneas,subcategory
paiz,"/Abarrotes/Arroz, Frijol y Semillas/Arroz/",Alimentos,Abarrotes,"Arroz, granos y legumbres",subcategory
paiz,"/Abarrotes/Arroz, Frijol y Semillas/Frijol/",Alimentos,Abarrotes,"Arroz, granos y legumbres",subcategory
paiz,"/Abarrotes/Arroz, Frijol y Semillas/Leguminosas/",Alimentos,Abarrotes,"Arroz, granos y legumbres",subcategory
paiz,"/Abarrotes/Arroz, Frijol y Semillas/Semillas/",Alimentos,Abarrotes,"Arroz, granos y legumbres",subcategory
paiz,/Abarrotes/Azúcar y Postres/Azúcar/,Alimentos,Abarrotes,Azúcar y endulzantes,subcategory
paiz,/Abarrotes/Azúcar y Postres/Gelatinas y Flan/,Alimentos,Abarrotes,Azúcar y endulzantes,subcategory
paiz,/Abarrotes/Azúcar y Postres/Sustituto de Azúcar/,Alimentos,Abarrotes,Azúcar y endulzantes,subcategory
paiz,"/Abarrotes/Café, Té y Sustitutos/Café Molido/",Bebidas y tabaco,"Café, té e infusiones",Café,subcategory
paiz,"/Abarrotes/Café, Té y Sustitutos/Café en grano/",Bebidas y tabaco,"Café, té e infusiones",Café,subcategory
paiz,"/Abarrotes/Café, Té y Sustitutos/Café listo para beber/",Bebidas y tabaco,"Café, té e infusiones",Café,subcategory
paiz,"/Abarrotes/Café, Té y Sustitutos/Crema para café/",Bebidas y tabaco,"Café, té e infusiones",Café,subcategory
paiz,"/Abarrotes/Café, Té y Sustitutos/Filtros para café/",Bebidas y tabaco,"Café, té e infusiones",Café,subcategory
paiz,"/Abarrotes/Café, Té y Sustitutos/Té Medicinales/",Bebidas y tabaco,"Café, té e infusiones",Té e infusiones,subcategory
paiz,/Abarrotes/Cereales y Barras/Avena y Granola/,Alimentos,Abarrotes,"Cereales, avenas y barras",subcategory
paiz,/Abarrotes/Cereales y Barras/Barras de Cereal/,Alimentos,Abarrotes,"Cereales, avenas y barras",subcategory
paiz,/Abarrotes/Cereales y Barras/Cereal Dulce/,Alimentos,Abarrotes,"Cereales, avenas y barras",subcategory
paiz,/Abarrotes/Cereales y Barras/De Fibra y Light/,Alimentos,Abarrotes,"Cereales, avenas y barras",subcategory
paiz,/Abarrotes/Dulces y Chocolates/Bombones/,Alimentos,Snacks y dulces,Dulces y chocolates,subcategory
paiz,/Abarrotes/Dulces y Chocolates/Caramelos/,Alimentos,Snacks y dulces,Dulces y chocolates,subcategory
paiz,/Abarrotes/Dulces y Chocolates/Chicles/,Alimentos,Snacks y dulces,Dulces y chocolates,subcategory
paiz,/Abarrotes/Dulces y Chocolates/Chocolates/,Alimentos,Snacks y dulces,Dulces y chocolates,subcategory
paiz,/Abarrotes/Dulces y Chocolates/Gomitas/,Alimentos,Snacks y dulces,Dulces y chocolates,subcategory
paiz,/Abarrotes/Dulces y Chocolates/Sin Azúcar/,Alimentos,Snacks y dulces,Dulces y chocolates,subcategory
paiz,/Abarrotes/Enlatados y Conservas/Aceitunas/,Alimentos,Abarrotes,Enlatados y conservas,subcategory
paiz,/Abarrotes/Enlatados y Conservas/Atún y Pescado/,Alimentos,Abarrotes,Enlatados y conservas,subcategory
paiz,/Abarrotes/Enlatados y Conservas/Carnes Enlatadas/,Alimentos,Abarrotes,Enlatados y conservas,subcategory
paiz,/Abarrotes/Enlatados y Conservas/Frijoles instantáneos/,Alimentos,Abarrotes,Enlatados y conservas,subcategory
paiz,/Abarrotes/Enlatados y Conservas/Frutas en Almíbar/,Alimentos,Abarrotes,Enlatados y conservas,subcategory
paiz,/Abarrotes/Enlatados y Conservas/Vegetales Enlatados/,Alimentos,Abarrotes,Enlatados y conservas,subcategory
paiz,/Abarrotes/Especias y Sazonadores/Consomés/,Alimentos,Abarrotes,Especias y condimentos,subcategory
paiz,/Abarrotes/Especias y Sazonadores/Especias/,Alimentos,Abarrotes,Especias y condimentos,subcategory
paiz,/Abarrotes/Especias y Sazonadores/Sal y Condimentos/,Alimentos,Abarrotes,Especias y condimentos,subcategory
paiz,/Abarrotes/Especias y Sazonadores/Sazonadores/,Alimentos,Abarrotes,Especias y condimentos,subcategory
paiz,/Abarrotes/Galletas/Galletas Dulces/,Alimentos,Snacks y dulces,Galletas,subcategory
paiz,/Abarrotes/Galletas/Galletas Integrales/,Alimentos,Snacks y dulces,Galletas,subcategory
paiz,/Abarrotes/Galletas/Galletas Saladas/,Alimentos,Snacks y dulces,Galletas,subcategory
paiz,/Abarrotes/Harinas y Repostería/Harina de Trigo y Maíz/,Alimentos,Abarrotes,Harinas y repostería,subcategory
paiz,/Abarrotes/Harinas y Repostería/Para Hot Cakes/,Alimentos,Abarrotes,Harinas y repostería,subcategory
paiz,/Abarrotes/Harinas y Repostería/Repostería/,Alimentos,Abarrotes,Harinas y repostería,subcategory
paiz,/Abarrotes/Harinas y Repostería/Saborizantes Artificiales/,Alimentos,Abarrotes,Harinas y repostería,subcategory
paiz,/Abarrotes/Mermeladas y Miel/Cajeta y Dulce de Leche/,Alimentos,Abarrotes,"Untables, mermeladas y miel",subcategory
paiz,/Abarrotes/Mermeladas y Miel/Crema de Avellana y Mantequilla de Maní/,Alimentos,Abarrotes,"Untables, mermeladas y miel",subcategory
paiz,/Abarrotes/Mermeladas y Miel/Mermelada/,Alimentos,Abarrotes,"Untables, mermeladas y miel",subcategory
paiz,/Abarrotes/Mermeladas y Miel/Miel/,Alimentos,Abarrotes,"Untables, mermeladas y miel",subcategory
paiz,/Abarrotes/Pastas/Fusilli/,Alimentos,Abarrotes,Pastas,subcategory
paiz,/Abarrotes/Pastas/Pasta Especial/,Alimentos,Abarrotes,Pastas,subcategory
paiz,/Abarrotes/Pastas/Salsa para Pasta y Pizza/,Alimentos,Abarrotes,"Salsas, aderezos y vinagres",subcategory
paiz,/Abarrotes/Pastas/Spaghetti/,Alimentos,Abarrotes,Pastas,subcategory
paiz,/Abarrotes/Productos Vegetales y Veganos/Bebida de Almendra/,Alimentos,Abarrotes,Productos vegetales y especialidades,subcategory
paiz,"/Abarrotes/Salsa, Aderezos y Vinagre/Aderezos y Vinagretas/",Alimentos,Abarrotes,"Salsas, aderezos y vinagres",subcategory
paiz,"/Abarrotes/Salsa, Aderezos y Vinagre/Cátsup y Mostaza/",Alimentos,Abarrotes,"Salsas, aderezos y vinagres",subcategory
paiz,"/Abarrotes/Salsa, Aderezos y Vinagre/Mayonesa/",Alimentos,Abarrotes,"Salsas, aderezos y vinagres",subcategory
paiz,"/Abarrotes/Salsa, Aderezos y Vinagre/Salsa Picante/",Alimentos,Abarrotes,"Salsas, aderezos y vinagres",subcategory
paiz,"/Abarrotes/Salsa, Aderezos y Vinagre/Salsa de Soya y Teriyaki/",Alimentos,Abarrotes,"Salsas, aderezos y vinagres",subcategory
paiz,"/Abarrotes/Salsa, Aderezos y Vinagre/Salsas para Sazonar/",Alimentos,Abarrotes,"Salsas, aderezos y vinagres",subcategory
paiz,"/Abarrotes/Salsa, Aderezos y Vinagre/Vinagre/",Alimentos,Abarrotes,"Salsas, aderezos y vinagres",subcategory
paiz,/Abarrotes/Snacks y Fruta Seca/Chicharrones/,Alimentos,Snacks y dulces,,category
paiz,/Abarrotes/Snacks y Fruta Seca/Dip/,Alimentos,Snacks y dulces,,category
paiz,/Abarrotes/Snacks y Fruta Seca/Frutas Secas/,Alimentos,Frutas y verduras,Frutas,subcategory
paiz,/Abarrotes/Snacks y Fruta Seca/Maní y otras semillas/,Alimentos,Snacks y dulces,,category
paiz,/Abarrotes/Snacks y Fruta Seca/Nueces y Almendras/,Alimentos,Snacks y dulces,,category
paiz,/Abarrotes/Snacks y Fruta Seca/Palomitas/,Alimentos,Snacks y dulces,,category
paiz,/Abarrotes/Snacks y Fruta Seca/Papas y frituras/,Alimentos,Snacks y dulces,"Papas, frituras y boquitas",subcategory
paiz,/Alimentos Congelados/Comida Fácil/Comida Congelada/,Alimentos,Congelados y comidas preparadas,Comidas listas y congeladas,subcategory
paiz,/Alimentos Congelados/Comida Fácil/Papas Congeladas/,Alimentos,Congelados y comidas preparadas,Comidas listas y congeladas,subcategory
paiz,"/Alimentos Congelados/Comida Fácil/Tacos, pizzas y pastas/",Alimentos,Congelados y comidas preparadas,Comidas listas y congeladas,subcategory
paiz,/Alimentos Congelados/Frutas y Verdura Congelada/Frutas Congeladas/,Alimentos,Congelados y comidas preparadas,Frutas y verduras congeladas,subcategory
paiz,/Alimentos Congelados/Frutas y Verdura Congelada/Verduras Congeladas/,Alimentos,Congelados y comidas preparadas,Frutas y verduras congeladas,subcategory
paiz,/Alimentos Congelados/Hielo/Hielo Empacado/,Alimentos,Congelados y comidas preparadas,Hielo,subcategory
paiz,/Alimentos Congelados/Postres Congelados/Barquillos y Conos/,Alimentos,Congelados y comidas preparadas,Helados y postres congelados,subcategory
paiz,/Alimentos Congelados/Postres Congelados/Helados/,Alimentos,Congelados y comidas preparadas,Helados y postres congelados,subcategory
paiz,/Alimentos Congelados/Postres Congelados/Hot Cakes y Wafles/,Alimentos,Congelados y comidas preparadas,Helados y postres congelados,subcategory
paiz,/Alimentos Congelados/Postres Congelados/Pay y Pasteles/,Alimentos,Congelados y comidas preparadas,Helados y postres congelados,subcategory
paiz,/Anthistaminicos/Alimentos Instantáneos/Pasta y Sopa Instantánea/,Alimentos,Abarrotes,Sopas y comidas instantáneas,subcategory
paiz,"/Anthistaminicos/Arroz, Frijol y Semillas/Arroz/",Alimentos,Abarrotes,"Arroz, granos y legumbres",subcategory
paiz,/Anthistaminicos/Azúcar y Postres/Azúcar/,Alimentos,Abarrotes,Azúcar y endulzantes,subcategory
paiz,/Anthistaminicos/Azúcar y Postres/Gelatinas y Flan/,Alimentos,Abarrotes,Azúcar y endulzantes,subcategory
paiz,/Anthistaminicos/Azúcar y Postres/Sustituto de Azúcar/,Alimentos,Abarrotes,Azúcar y endulzantes,subcategory
paiz,"/Anthistaminicos/Café, Té y Sustitutos/Café Molido/",Bebidas y tabaco,"Café, té e infusiones",Café,subcategory
paiz,"/Anthistaminicos/Café, Té y Sustitutos/Café listo para beber/",Bebidas y tabaco,"Café, té e infusiones",Café,subcategory
paiz,"/Anthistaminicos/Café, Té y Sustitutos/Té Medicinales/",Bebidas y tabaco,"Café, té e infusiones",Té e infusiones,subcategory
paiz,/Anthistaminicos/Cereales y Barras/De Fibra y Light/,Alimentos,Abarrotes,"Cereales, avenas y barras",subcategory
paiz,/Anthistaminicos/Dulces y Chocolates/Caramelos/,Alimentos,Snacks y dulces,Dulces y chocolates,subcategory
paiz,/Anthistaminicos/Dulces y Chocolates/Chocolates/,Alimentos,Snacks y dulces,Dulces y chocolates,subcategory
paiz,/Anthistaminicos/Enlatados y Conservas/Atún y Pescado/,Alimentos,Abarrotes,Enlatados y conservas,subcategory
paiz,/Anthistaminicos/Enlatados y Conservas/Vegetales Enlatados/,Alimentos,Abarrotes,Enlatados y conservas,subcategory
paiz,/Anthistaminicos/Especias y Sazonadores/Especias/,Alimentos,Abarrotes,Especias y condimentos,subcategory
paiz,/Anthistaminicos/Especias y Sazonadores/Sal y Condimentos/,Alimentos,Abarrotes,Especias y condimentos,subcategory
paiz,/Anthistaminicos/Especias y Sazonadores/Sazonadores/,Alimentos,Abarrotes,Especias y condimentos,subcategory
paiz,/Anthistaminicos/Galletas/Galletas Dulces/,Alimentos,Snacks y dulces,Galletas,subcategory
paiz,/Anthistaminicos/Harinas y Repostería/Harina de Trigo y Maíz/,Alimentos,Abarrotes,Harinas y repostería,subcategory
paiz,/Anthistaminicos/Harinas y Repostería/Repostería/,Alimentos,Abarrotes,Harinas y repostería,subcategory
paiz,/Anthistaminicos/Mermeladas y Miel/Mermelada/,Alimentos,Abarrotes,"Untables, mermeladas y miel",subcategory
paiz,/Anthistaminicos/Pastas/Fusilli/,Alimentos,Abarrotes,Pastas,subcategory
paiz,/Anthistaminicos/Pastas/Pasta Especial/,Alimentos,Abarrotes,Pastas,subcategory
paiz,/Anthistaminicos/Pastas/Salsa para Pasta y Pizza/,Alimentos,Abarrotes,"Salsas, aderezos y vinagres",subcategory
paiz,"/Anthistaminicos/Salsa, Aderezos y Vinagre/Salsas para Sazonar/",Alimentos,Abarrotes,"Salsas, aderezos y vinagres",subcategory
paiz,"/Anthistaminicos/Salsa, Aderezos y Vinagre/Vinagre/",Alimentos,Abarrotes,"Salsas, aderezos y vinagres",subcategory
paiz,/Anthistaminicos/Snacks y Fruta Seca/Nueces y Almendras/,Alimentos,Snacks y dulces,,category
paiz,/Artículos para el hogar/Accesorios para cocina/Herméticos y Refractarios/,Hogar y cocina,Cocina,"Recipientes, termos y botellas",subcategory
paiz,"/Artículos para el hogar/Accesorios para cocina/Ollas, Baterías y Sartenes/",Hogar y cocina,Cocina,Ollas y sartenes,subcategory
paiz,/Artículos para el hogar/Accesorios para cocina/Termos y Botellas/,Hogar y cocina,Cocina,"Recipientes, termos y botellas",subcategory
paiz,/Artículos para el hogar/Accesorios para cocina/Utensilios de Repostería/,Hogar y cocina,Cocina,Utensilios de cocina y repostería,subcategory
paiz,/Artículos para el hogar/Accesorios para cocina/Utensilios de cocina/,Hogar y cocina,Cocina,Utensilios de cocina y repostería,subcategory
paiz,/Artículos para el hogar/Accesorios para mesa/Cubiertos y Cuchillos/,Hogar y cocina,Mesa,"Vajillas, vasos y cubiertos",subcategory
paiz,/Artículos para el hogar/Accesorios para mesa/Platos/,Hogar y cocina,Mesa,"Vajillas, vasos y cubiertos",subcategory
paiz,/Artículos para el hogar/Accesorios para mesa/Tazas y Jarras/,Hogar y cocina,Mesa,"Vajillas, vasos y cubiertos",subcategory
paiz,/Artículos para el hogar/Accesorios para mesa/Vajillas/,Hogar y cocina,Mesa,"Vajillas, vasos y cubiertos",subcategory
paiz,/Artículos para el hogar/Accesorios para mesa/Vasos y Copas/,Hogar y cocina,Mesa,"Vajillas, vasos y cubiertos",subcategory
paiz,/Artículos para el hogar/Artículos de temporada/Adornos Navidad/,Hogar y cocina,Decoración,Decoración de temporada,subcategory
paiz,/Artículos para el hogar/Artículos de temporada/Colgantes Navidad/,Hogar y cocina,Decoración,Decoración de temporada,subcategory
paiz,/Artículos para el hogar/Artículos de temporada/Decoración Halloween/,Hogar y cocina,Decoración,Decoración de temporada,subcategory
paiz,/Artículos para el hogar/Artículos de temporada/Esferas Navidad/,Hogar y cocina,Decoración,Decoración de temporada,subcategory
paiz,/Artículos para el hogar/Artículos de temporada/Harvest/,Hogar y cocina,Decoración,Decoración de temporada,subcategory
paiz,/Artículos para el hogar/Artículos de temporada/Peluches Navidad/,Hogar y cocina,Decoración,Decoración de temporada,subcategory
paiz,/Artículos para el hogar/Colchones y Blancos/Almohadas y cojines/,Hogar y cocina,Blancos,Almohadas y colchones,subcategory
paiz,/Artículos para el hogar/Colchones y Blancos/Cobijas y Frazadas/,Hogar y cocina,Blancos,"Sábanas, edredones y cobijas",subcategory
paiz,/Artículos para el hogar/Colchones y Blancos/Toallas/,Hogar y cocina,Blancos,Toallas,subcategory
paiz,/Artículos para el hogar/Decoración y Muebles/Accesorios para baño/,Hogar y cocina,Decoración,Decoración del hogar,subcategory
paiz,/Artículos para el hogar/Decoración y Muebles/Espejos/,Hogar y cocina,Decoración,Decoración del hogar,subcategory
paiz,/Artículos para el hogar/Decoración y Muebles/Velas y aromaterapia/,Hogar y cocina,Decoración,Decoración del hogar,subcategory
paiz,/Artículos para el hogar/Ferretería/Extensiones y contactos/,Ferretería y autos,Ferretería,Electricidad e iluminación,subcategory
paiz,"/Artículos para el hogar/Ferretería/Focos, Lámparas e Iluminación/",Ferretería y autos,Ferretería,Electricidad e iluminación,subcategory
paiz,/Artículos para el hogar/Ferretería/Herramientas Manuales/,Ferretería y autos,Ferretería,Herramientas,subcategory
paiz,/Artículos para el hogar/Ferretería/Pegamentos/,Ferretería y autos,Ferretería,"Plomería, pegamentos y selladores",subcategory
paiz,/Artículos para el hogar/Ferretería/Pilas y baterías/,Ferretería y autos,Ferretería,Pilas y baterías,subcategory
paiz,/Artículos para el hogar/Jardinería y Exteriores/Encendedores/,Hogar y cocina,Jardín y exteriores,"Muebles, parrillas y exteriores",subcategory
paiz,/Artículos para el hogar/Jardinería y Exteriores/Hieleras/,Hogar y cocina,Jardín y exteriores,"Muebles, parrillas y exteriores",subcategory
paiz,/Artículos para el hogar/Jardinería y Exteriores/Muebles de Jardín/,Hogar y cocina,Jardín y exteriores,"Muebles, parrillas y exteriores",subcategory
paiz,/Artículos para el hogar/Jardinería y Exteriores/Parrillas/,Hogar y cocina,Jardín y exteriores,"Muebles, parrillas y exteriores",subcategory
paiz,/Artículos para el hogar/Jardinería y Exteriores/Utensilios para asar/,Hogar y cocina,Jardín y exteriores,"Muebles, parrillas y exteriores",subcategory
paiz,/Artículos para el hogar/Organización y Almacenamiento/Accesorios Lavanderia/,Hogar y cocina,Organización y lavandería,Organización y almacenamiento,subcategory
paiz,/Artículos para el hogar/Organización y Almacenamiento/Cajas y Contenedores/,Hogar y cocina,Organización y lavandería,Organización y almacenamiento,subcategory
paiz,/Artículos para el hogar/Organización y Almacenamiento/Canastas y Basureros/,Hogar y cocina,Organización y lavandería,Organización y almacenamiento,subcategory
paiz,/Artículos para el hogar/Organización y Almacenamiento/Closets y Gabinetes/,Hogar y cocina,Organización y lavandería,Organización y almacenamiento,subcategory
paiz,/Artículos para el hogar/Organización y Almacenamiento/Ganchos para Ropa/,Hogar y cocina,Organización y lavandería,Organización y almacenamiento,subcategory
paiz,"/Artículos para el hogar/Organización y Almacenamiento/Serchas,Tabla Planchar y Cobertores/",Hogar y cocina,Organización y lavandería,Organización y almacenamiento,subcategory
paiz,/Artículos para el hogar/Papelería/Agendas y calendarios/,"Papelería, oficina y fiestas",Papelería y oficina,Útiles escolares y de oficina,subcategory
paiz,/Artículos para el hogar/Papelería/Calculadoras y oficina/,"Papelería, oficina y fiestas",Papelería y oficina,Útiles escolares y de oficina,subcategory
paiz,"/Artículos para el hogar/Papelería/Colores, crayolas y plumas/","Papelería, oficina y fiestas",Papelería y oficina,Útiles escolares y de oficina,subcategory
paiz,/Artículos para el hogar/Papelería/Compas y Flautas/,"Papelería, oficina y fiestas",Papelería y oficina,Útiles escolares y de oficina,subcategory
paiz,/Artículos para el hogar/Papelería/Cuadernos y carpetas/,"Papelería, oficina y fiestas",Papelería y oficina,Útiles escolares y de oficina,subcategory
paiz,/Artículos para el hogar/Papelería/Gomas y sacapuntas/,"Papelería, oficina y fiestas",Papelería y oficina,Útiles escolares y de oficina,subcategory
paiz,/Artículos para el hogar/Papelería/Lapiceros y correctores/,"Papelería, oficina y fiestas",Papelería y oficina,Útiles escolares y de oficina,subcategory
paiz,/Artículos para el hogar/Papelería/Lápices y lapiceros/,"Papelería, oficina y fiestas",Papelería y oficina,Útiles escolares y de oficina,subcategory
paiz,/Artículos para el hogar/Papelería/Marcadores y resaltadores/,"Papelería, oficina y fiestas",Papelería y oficina,Útiles escolares y de oficina,subcategory
paiz,/Artículos para el hogar/Papelería/Material para manualidades/,"Papelería, oficina y fiestas",Papelería y oficina,Útiles escolares y de oficina,subcategory
paiz,/Artículos para el hogar/Papelería/Papel y forros/,"Papelería, oficina y fiestas",Papelería y oficina,Útiles escolares y de oficina,subcategory
paiz,/Artículos para el hogar/Papelería/Reglas y juegos de geometría/,"Papelería, oficina y fiestas",Papelería y oficina,Útiles escolares y de oficina,subcategory
paiz,"/Artículos para el hogar/Papelería/Tijeras, cintas y pegamentos/","Papelería, oficina y fiestas",Papelería y oficina,Útiles escolares y de oficina,subcategory
paiz,/Artículos para el hogar/Pintura/Accesorios para pintar/,Ferretería y autos,Ferretería,Pintura,subcategory
paiz,/Artículos para el hogar/Pintura/Pinturas y Aerosoles/,Ferretería y autos,Ferretería,Pintura,subcategory
paiz,/Autos/Accesorios para auto/,Ferretería y autos,Autos y motos,Limpieza y accesorios para auto,subcategory
paiz,/Autos/Aceite para Auto/,Ferretería y autos,Autos y motos,Aceites y lubricantes,subcategory
paiz,/Autos/Limpieza y Exteriores para Auto/,Ferretería y autos,Autos y motos,Limpieza y accesorios para auto,subcategory
paiz,/Autos/Llantas/,Ferretería y autos,Autos y motos,Llantas,subcategory
paiz,/Bebes y Niños/Artículos para fiesta/Envolturas para regalo/,"Papelería, oficina y fiestas",Fiestas y regalos,Artículos para fiesta y envolturas,subcategory
paiz,/Bebes y Niños/Baño y cuidado del bebé/Accesorios para baño de Bebes/,Bebé,Baño y cuidado del bebé,Baño y cuidado del bebé,subcategory
paiz,"/Bebes y Niños/Baño y cuidado del bebé/Crema, gel y loción para bebé/",Bebé,Baño y cuidado del bebé,Baño y cuidado del bebé,subcategory
paiz,/Bebes y Niños/Baño y cuidado del bebé/Shampoo y jabón para bebé/,Bebé,Baño y cuidado del bebé,Baño y cuidado del bebé,subcategory
paiz,/Bebes y Niños/Baño y cuidado del bebé/Talco y aceite para bebé/,Bebé,Baño y cuidado del bebé,Baño y cuidado del bebé,subcategory
paiz,/Bebes y Niños/Comida para bebé y lactancia/Accesorios de lactancia/,Bebé,Alimentación del bebé,Biberones y lactancia,subcategory
paiz,/Bebes y Niños/Comida para bebé y lactancia/Biberones y tetinas/,Bebé,Alimentación del bebé,Biberones y lactancia,subcategory
paiz,/Bebes y Niños/Comida para bebé y lactancia/Cereales y galletas para bebé/,Bebé,Alimentación del bebé,"Colados, cereales y galletas infantiles",subcategory
paiz,/Bebes y Niños/Comida para bebé y lactancia/Colados 2da etapa/,Bebé,Alimentación del bebé,"Colados, cereales y galletas infantiles",subcategory
paiz,/Bebes y Niños/Comida para bebé y lactancia/Colados 3ra etapa/,Bebé,Alimentación del bebé,"Colados, cereales y galletas infantiles",subcategory
paiz,/Bebes y Niños/Comida para bebé y lactancia/Colados 4ta etapa y junior/,Bebé,Alimentación del bebé,"Colados, cereales y galletas infantiles",subcategory
paiz,/Bebes y Niños/Comida para bebé y lactancia/Fórmulas lácteas/,Bebé,Alimentación del bebé,Fórmulas y leches infantiles,subcategory
paiz,"/Bebes y Niños/Comida para bebé y lactancia/Platos, vasos y cubiertos para niños/",Bebé,Alimentación del bebé,Biberones y lactancia,subcategory
paiz,/Bebes y Niños/Juguetes para bebe y estimulación temprana/Juguetes para bebes/,Juguetes,Juguetes,Bebé y preescolar,subcategory
paiz,/Bebes y Niños/Pañales/Pañales - Etapa 2/,Bebé,Pañales y toallitas,Pañales,subcategory
paiz,/Bebes y Niños/Pañales/Pañales - Etapa 3/,Bebé,Pañales y toallitas,Pañales,subcategory
paiz,/Bebes y Niños/Pañales/Pañales - Etapa 4/,Bebé,Pañales y toallitas,Pañales,subcategory
paiz,/Bebes y Niños/Pañales/Pañales - Etapa 5/,Bebé,Pañales y toallitas,Pañales,subcategory
paiz,/Bebes y Niños/Pañales/Pañales - Etapa 6/,Bebé,Pañales y toallitas,Pañales,subcategory
paiz,/Bebes y Niños/Pañales/Pañales - Etapa 7/,Bebé,Pañales y toallitas,Pañales,subcategory
paiz,/Bebes y Niños/Pañales/Pañales Recién Nacido y Etapa 1/,Bebé,Pañales y toallitas,Pañales,subcategory
paiz,/Bebes y Niños/Toallitas Húmedas/,Bebé,Pañales y toallitas,Toallitas húmedas,subcategory
paiz,"/Carnes, Embutidos y Mariscos/Cerdo/Chuletas y costilla/",Alimentos,"Carnes, aves y mariscos",Cerdo,subcategory
paiz,"/Carnes, Embutidos y Mariscos/Cerdo/Filete y Marinados de Cerdo/",Alimentos,"Carnes, aves y mariscos",Cerdo,subcategory
paiz,"/Carnes, Embutidos y Mariscos/Cerdo/Postas, Lomos y Molida de Cerdo/",Alimentos,"Carnes, aves y mariscos",Cerdo,subcategory
paiz,"/Carnes, Embutidos y Mariscos/Embutidos y Carnes Frías/Chorizo/",Alimentos,"Carnes, aves y mariscos",Embutidos y carnes frías,subcategory
paiz,"/Carnes, Embutidos y Mariscos/Embutidos y Carnes Frías/Especialidades y Otros/",Alimentos,"Carnes, aves y mariscos",Embutidos y carnes frías,subcategory
paiz,"/Carnes, Embutidos y Mariscos/Embutidos y Carnes Frías/Jamón y Mortadela/",Alimentos,"Carnes, aves y mariscos",Embutidos y carnes frías,subcategory
paiz,"/Carnes, Embutidos y Mariscos/Embutidos y Carnes Frías/Salchichas y Salchichón/",Alimentos,"Carnes, aves y mariscos",Embutidos y carnes frías,subcategory
paiz,"/Carnes, Embutidos y Mariscos/Embutidos y Carnes Frías/Tocino/",Alimentos,"Carnes, aves y mariscos",Embutidos y carnes frías,subcategory
paiz,"/Carnes, Embutidos y Mariscos/Mariscos y Pescados/Camarones y mariscos/",Alimentos,"Carnes, aves y mariscos",Pescados y mariscos,subcategory
paiz,"/Carnes, Embutidos y Mariscos/Mariscos y Pescados/Filetes de Pescado/",Alimentos,"Carnes, aves y mariscos",Pescados y mariscos,subcategory
paiz,"/Carnes, Embutidos y Mariscos/Mariscos y Pescados/Pescado Entero/",Alimentos,"Carnes, aves y mariscos",Pescados y mariscos,subcategory
paiz,"/Carnes, Embutidos y Mariscos/Pollo y Pavo/Alas, piernas y muslos/",Alimentos,"Carnes, aves y mariscos",Pollo y pavo,subcategory
paiz,"/Carnes, Embutidos y Mariscos/Pollo y Pavo/Filete, molida y marinados de pollo/",Alimentos,"Carnes, aves y mariscos",Pollo y pavo,subcategory
paiz,"/Carnes, Embutidos y Mariscos/Pollo y Pavo/Pechuga/",Alimentos,"Carnes, aves y mariscos",Pollo y pavo,subcategory
paiz,"/Carnes, Embutidos y Mariscos/Pollo y Pavo/Pollo entero, medio y pavo/",Alimentos,"Carnes, aves y mariscos",Pollo y pavo,subcategory
paiz,"/Carnes, Embutidos y Mariscos/Pollo y Pavo/Vísceras y Menudos/",Alimentos,"Carnes, aves y mariscos",Pollo y pavo,subcategory
paiz,"/Carnes, Embutidos y Mariscos/Res/Cortes con Hueso/",Alimentos,"Carnes, aves y mariscos",Res,subcategory
paiz,"/Carnes, Embutidos y Mariscos/Res/Cortes y Parrilla/",Alimentos,"Carnes, aves y mariscos",Res,subcategory
paiz,"/Carnes, Embutidos y Mariscos/Res/Filete y Marinados de Res/",Alimentos,"Carnes, aves y mariscos",Res,subcategory
paiz,"/Carnes, Embutidos y Mariscos/Res/Guisar y vísceras/",Alimentos,"Carnes, aves y mariscos",Res,subcategory
paiz,"/Carnes, Embutidos y Mariscos/Res/Molidas/",Alimentos,"Carnes, aves y mariscos",Res,subcategory
paiz,"/Cervezas, Vinos y Licores/Cervezas/Artesanales e Importadas/",Bebidas y tabaco,Bebidas alcohólicas,Cerveza,subcategory
paiz,"/Cervezas, Vinos y Licores/Cigarros/",Bebidas y tabaco,Tabaco,Cigarrillos,subcategory
paiz,"/Cervezas, Vinos y Licores/Cigarros/Cigarros/",Bebidas y tabaco,Tabaco,Cigarrillos,subcategory
paiz,"/Cervezas, Vinos y Licores/Licores/Brandy/",Bebidas y tabaco,Bebidas alcohólicas,Licores,subcategory
paiz,"/Cervezas, Vinos y Licores/Licores/Ginebra/",Bebidas y tabaco,Bebidas alcohólicas,Licores,subcategory
paiz,"/Cervezas, Vinos y Licores/Licores/Ron/",Bebidas y tabaco,Bebidas alcohólicas,Licores,subcategory
paiz,"/Cervezas, Vinos y Licores/Licores/Tequila/",Bebidas y tabaco,Bebidas alcohólicas,Licores,subcategory
paiz,"/Cervezas, Vinos y Licores/Licores/Vodka/",Bebidas y tabaco,Bebidas alcohólicas,Licores,subcategory
paiz,"/Cervezas, Vinos y Licores/Licores/Whisky/",Bebidas y tabaco,Bebidas alcohólicas,Licores,subcategory
paiz,"/Cervezas, Vinos y Licores/Vinos/Champagne y Espumoso/",Bebidas y tabaco,Bebidas alcohólicas,Vinos,subcategory
paiz,"/Cervezas, Vinos y Licores/Vinos/Sidras/",Bebidas y tabaco,Bebidas alcohólicas,Vinos,subcategory
paiz,"/Cervezas, Vinos y Licores/Vinos/Vino Blanco/",Bebidas y tabaco,Bebidas alcohólicas,Vinos,subcategory
paiz,"/Cervezas, Vinos y Licores/Vinos/Vino Rosado/",Bebidas y tabaco,Bebidas alcohólicas,Vinos,subcategory
paiz,"/Cervezas, Vinos y Licores/Vinos/Vino Tinto/",Bebidas y tabaco,Bebidas alcohólicas,Vinos,subcategory
paiz,/Deportes/Artículos deportivos/Balones y Entrenamiento/,Deportes y aire libre,Deportes,Artículos deportivos,subcategory
paiz,/Deportes/Campismo/,Deportes y aire libre,Aire libre,Campismo,subcategory
paiz,"/Deportes/Montables, bicicletas y scooters/Bicicletas adultos/",Deportes y aire libre,Deportes,"Bicicletas, scooters y patines",subcategory
paiz,/Deportes/Natación/,Deportes y aire libre,Deportes,Natación y piscinas,subcategory
paiz,/Farmacia/Antibióticos y Antiinfecciosos/Antiparasitario/,Salud y farmacia,Medicamentos de venta libre,Antiparasitarios,subcategory
paiz,/Farmacia/Control de diabetes/Suplemento para diabeticos/,Salud y farmacia,Vitaminas y suplementos,Control de diabetes,subcategory
paiz,/Farmacia/Cuidado Ocular y Ótico/Gotas y lubricantes/,Salud y farmacia,Medicamentos de venta libre,Ojos y oídos,subcategory
paiz,/Farmacia/Cuidado de Pies/Cremas y Tratamientos/,Salud y farmacia,Medicamentos de venta libre,Cuidado de pies,subcategory
paiz,/Farmacia/Cuidado de Pies/Desodorante y Antitranspirante para pies/,Salud y farmacia,Medicamentos de venta libre,Cuidado de pies,subcategory
paiz,/Farmacia/Dermatología/Antiacné/,Salud y farmacia,Medicamentos de venta libre,Dermatología,subcategory
paiz,/Farmacia/Dermatología/Antiinfecciosos/,Salud y farmacia,Medicamentos de venta libre,Dermatología,subcategory
paiz,/Farmacia/Dermatología/Cuidado y protección/,Salud y farmacia,Medicamentos de venta libre,Dermatología,subcategory
paiz,/Farmacia/Dolor y Fiebre/Dolor Menstrual/,Salud y farmacia,Medicamentos de venta libre,Dolor y fiebre,subcategory
paiz,/Farmacia/Dolor y Fiebre/Dolor Muscular y Articular/,Salud y farmacia,Medicamentos de venta libre,Dolor y fiebre,subcategory
paiz,/Farmacia/Dolor y Fiebre/Dolor de Cabeza y Migraña/,Salud y farmacia,Medicamentos de venta libre,Dolor y fiebre,subcategory
paiz,/Farmacia/Dolor y Fiebre/Niños/,Salud y farmacia,Medicamentos de venta libre,Dolor y fiebre,subcategory
paiz,"/Farmacia/Gripe, Tos y Resfriado/Descongestionantes/",Salud y farmacia,Medicamentos de venta libre,"Gripe, tos y alergias",subcategory
paiz,"/Farmacia/Gripe, Tos y Resfriado/Jarabes y Expectorantes niños/",Salud y farmacia,Medicamentos de venta libre,"Gripe, tos y alergias",subcategory
paiz,"/Farmacia/Gripe, Tos y Resfriado/Jarabes y Expectorantes/",Salud y farmacia,Medicamentos de venta libre,"Gripe, tos y alergias",subcategory
paiz,"/Farmacia/Gripe, Tos y Resfriado/Pastillas y capsulas niños/",Salud y farmacia,Medicamentos de venta libre,"Gripe, tos y alergias",subcategory
paiz,"/Farmacia/Gripe, Tos y Resfriado/Pastillas y capsulas para la garganta/",Salud y farmacia,Medicamentos de venta libre,"Gripe, tos y alergias",subcategory
paiz,/Farmacia/Nutrición Deportiva/Electrolitos/,Salud y farmacia,Vitaminas y suplementos,Nutrición deportiva,subcategory
paiz,/Farmacia/Nutrición Deportiva/Proteínas y Creatina/,Salud y farmacia,Vitaminas y suplementos,Nutrición deportiva,subcategory
paiz,/Farmacia/Nutrición Deportiva/Suplementos Deportivos/,Salud y farmacia,Vitaminas y suplementos,Nutrición deportiva,subcategory
paiz,/Farmacia/Primeros Auxilios/Alcohol y Antisépticos/,Salud y farmacia,Primeros auxilios,Primeros auxilios,subcategory
paiz,/Farmacia/Primeros Auxilios/Algodón e Hisopos/,Salud y farmacia,Primeros auxilios,Primeros auxilios,subcategory
paiz,/Farmacia/Primeros Auxilios/Botiquines/,Salud y farmacia,Primeros auxilios,Primeros auxilios,subcategory
paiz,/Farmacia/Primeros Auxilios/Curitas y Vendajes/,Salud y farmacia,Primeros auxilios,Primeros auxilios,subcategory
paiz,/Farmacia/Salud Sexual y Reproductiva/Incontinencia urinaria/,Salud y farmacia,Salud sexual e incontinencia,Salud sexual,subcategory
paiz,/Farmacia/Salud Sexual y Reproductiva/Lubricantes Íntimos/,Salud y farmacia,Salud sexual e incontinencia,Salud sexual,subcategory
paiz,/Farmacia/Salud Sexual y Reproductiva/Preservativos/,Salud y farmacia,Salud sexual e incontinencia,Salud sexual,subcategory
paiz,/Farmacia/Sistema Digestivo/Antidiarreicos y Suero Oral/,Salud y farmacia,Medicamentos de venta libre,Sistema digestivo,subcategory
paiz,/Farmacia/Sistema Digestivo/Antiácidos/,Salud y farmacia,Medicamentos de venta libre,Sistema digestivo,subcategory
paiz,/Farmacia/Sistema Digestivo/Laxantes y Fibra/,Salud y farmacia,Medicamentos de venta libre,Sistema digestivo,subcategory
paiz,/Farmacia/Sistema Digestivo/Nauseas y vómito/,Salud y farmacia,Medicamentos de venta libre,Sistema digestivo,subcategory
paiz,/Farmacia/Vitaminas y Suplementos/Antioxidantes/,Salud y farmacia,Vitaminas y suplementos,Suplementos alimenticios,subcategory
paiz,/Farmacia/Vitaminas y Suplementos/Calcio y Minerales/,Salud y farmacia,Vitaminas y suplementos,Vitaminas y minerales,subcategory
paiz,/Farmacia/Vitaminas y Suplementos/Colágeno/,Salud y farmacia,Vitaminas y suplementos,Suplementos alimenticios,subcategory
paiz,/Farmacia/Vitaminas y Suplementos/Complejo B/,Salud y farmacia,Vitaminas y suplementos,Vitaminas y minerales,subcategory
paiz,/Farmacia/Vitaminas y Suplementos/Inmunidad/,Salud y farmacia,Vitaminas y suplementos,Suplementos alimenticios,subcategory
paiz,/Farmacia/Vitaminas y Suplementos/Jarabe de adulto/,Salud y farmacia,Vitaminas y suplementos,Vitaminas y minerales,subcategory
paiz,/Farmacia/Vitaminas y Suplementos/Jarabe niños/,Salud y farmacia,Vitaminas y suplementos,Vitaminas y minerales,subcategory
paiz,/Farmacia/Vitaminas y Suplementos/Memoria/,Salud y farmacia,Vitaminas y suplementos,Suplementos alimenticios,subcategory
paiz,/Farmacia/Vitaminas y Suplementos/Multivitamínicos Adulto/,Salud y farmacia,Vitaminas y suplementos,Vitaminas y minerales,subcategory
paiz,/Farmacia/Vitaminas y Suplementos/Multivitamínicos y Capsulas Niños/,Salud y farmacia,Vitaminas y suplementos,Vitaminas y minerales,subcategory
paiz,/Farmacia/Vitaminas y Suplementos/Omega 3/,Salud y farmacia,Vitaminas y suplementos,Suplementos alimenticios,subcategory
paiz,/Farmacia/Vitaminas y Suplementos/Prenatal/,Salud y farmacia,Vitaminas y suplementos,Vitaminas y minerales,subcategory
paiz,/Farmacia/Vitaminas y Suplementos/Suplemento alimenticio/,Salud y farmacia,Vitaminas y suplementos,Suplementos alimenticios,subcategory
paiz,/Farmacia/Vitaminas y Suplementos/Vitamina A y D/,Salud y farmacia,Vitaminas y suplementos,Vitaminas y minerales,subcategory
paiz,/Farmacia/Vitaminas y Suplementos/Vitamina C/,Salud y farmacia,Vitaminas y suplementos,Vitaminas y minerales,subcategory
paiz,/Farmacia/Vitaminas y Suplementos/Vitamina E/,Salud y farmacia,Vitaminas y suplementos,Vitaminas y minerales,subcategory
paiz,"/Frutas y Verduras/Frutas/Bananos, Papayas y tropicales/",Alimentos,Frutas y verduras,Frutas,subcategory
paiz,/Frutas y Verduras/Frutas/Bananos/,Alimentos,Frutas y verduras,Frutas,subcategory
paiz,/Frutas y Verduras/Frutas/Duraznos y melocotones/,Alimentos,Frutas y verduras,Frutas,subcategory
paiz,/Frutas y Verduras/Frutas/Frambuesas/,Alimentos,Frutas y verduras,Frutas,subcategory
paiz,/Frutas y Verduras/Frutas/Fresas/,Alimentos,Frutas y verduras,Frutas,subcategory
paiz,/Frutas y Verduras/Frutas/Frutas de temporada y exóticas/,Alimentos,Frutas y verduras,Frutas,subcategory
paiz,/Frutas y Verduras/Frutas/Limón y cítricos/,Alimentos,Frutas y verduras,Frutas,subcategory
paiz,/Frutas y Verduras/Frutas/Manzanas/,Alimentos,Frutas y verduras,Frutas,subcategory
paiz,"/Frutas y Verduras/Frutas/Naranja, Limón y cítricos/",Alimentos,Frutas y verduras,Frutas,subcategory
paiz,/Frutas y Verduras/Frutas/Naranjas/,Alimentos,Frutas y verduras,Frutas,subcategory
paiz,/Frutas y Verduras/Frutas/Papayas y tropicales/,Alimentos,Frutas y verduras,Frutas,subcategory
paiz,/Frutas y Verduras/Frutas/Peras/,Alimentos,Frutas y verduras,Frutas,subcategory
paiz,/Frutas y Verduras/Frutas/Uvas/,Alimentos,Frutas y verduras,Frutas,subcategory
paiz,/Frutas y Verduras/Verduras/Aguacates/,Alimentos,Frutas y verduras,Verduras,subcategory
paiz,/Frutas y Verduras/Verduras/Ajos/,Alimentos,Frutas y verduras,Verduras,subcategory
paiz,/Frutas y Verduras/Verduras/Apio/,Alimentos,Frutas y verduras,Verduras,subcategory
paiz,/Frutas y Verduras/Verduras/Berenjena/,Alimentos,Frutas y verduras,Verduras,subcategory
paiz,/Frutas y Verduras/Verduras/Brocoli/Coliflor/,Alimentos,Frutas y verduras,Verduras,subcategory
paiz,"/Frutas y Verduras/Verduras/Cebollas, papas y verduras de raíz/",Alimentos,Frutas y verduras,Verduras,subcategory
paiz,/Frutas y Verduras/Verduras/Cebollas/,Alimentos,Frutas y verduras,Verduras,subcategory
paiz,/Frutas y Verduras/Verduras/Cebollino/,Alimentos,Frutas y verduras,Verduras,subcategory
paiz,/Frutas y Verduras/Verduras/Chayotes/,Alimentos,Frutas y verduras,Verduras,subcategory
paiz,/Frutas y Verduras/Verduras/Chiles/,Alimentos,Frutas y verduras,Verduras,subcategory
paiz,/Frutas y Verduras/Verduras/Culantro-Cilantro/,Alimentos,Frutas y verduras,Verduras,subcategory
paiz,/Frutas y Verduras/Verduras/Elotes/,Alimentos,Frutas y verduras,Verduras,subcategory
paiz,/Frutas y Verduras/Verduras/Ensaladas y empacados/,Alimentos,Frutas y verduras,Verduras,subcategory
paiz,/Frutas y Verduras/Verduras/Hierba Medicinal-Organico/,Alimentos,Frutas y verduras,Verduras,subcategory
paiz,/Frutas y Verduras/Verduras/Hongos Frescos/,Alimentos,Frutas y verduras,Verduras,subcategory
paiz,"/Frutas y Verduras/Verduras/Hongos, brócolis y espárragos/",Alimentos,Frutas y verduras,Verduras,subcategory
paiz,/Frutas y Verduras/Verduras/Lechuga/,Alimentos,Frutas y verduras,Verduras,subcategory
paiz,"/Frutas y Verduras/Verduras/Lechugas, espinacas y hojas verdes/",Alimentos,Frutas y verduras,Verduras,subcategory
paiz,/Frutas y Verduras/Verduras/Material Empaque Frutas/,Alimentos,Frutas y verduras,Verduras,subcategory
paiz,/Frutas y Verduras/Verduras/Minivegetales/,Alimentos,Frutas y verduras,Verduras,subcategory
paiz,/Frutas y Verduras/Verduras/Papas Enteras/,Alimentos,Frutas y verduras,Verduras,subcategory
paiz,/Frutas y Verduras/Verduras/Pepinos Enteros/,Alimentos,Frutas y verduras,Verduras,subcategory
paiz,/Frutas y Verduras/Verduras/Perejil Fresco/,Alimentos,Frutas y verduras,Verduras,subcategory
paiz,/Frutas y Verduras/Verduras/Rabanos/Rabanitos/,Alimentos,Frutas y verduras,Verduras,subcategory
paiz,/Frutas y Verduras/Verduras/Repollo Verde/Morado/,Alimentos,Frutas y verduras,Verduras,subcategory
paiz,/Frutas y Verduras/Verduras/Tomate Especialidad/,Alimentos,Frutas y verduras,Verduras,subcategory
paiz,/Frutas y Verduras/Verduras/Tomate Rojo/,Alimentos,Frutas y verduras,Verduras,subcategory
paiz,/Frutas y Verduras/Verduras/Tuberculos/,Alimentos,Frutas y verduras,Verduras,subcategory
paiz,/Frutas y Verduras/Verduras/Vainicas enteras/,Alimentos,Frutas y verduras,Verduras,subcategory
paiz,/Frutas y Verduras/Verduras/Vegetales Procesados Mix/,Alimentos,Frutas y verduras,Verduras,subcategory
paiz,/Frutas y Verduras/Verduras/Zanahoria/,Alimentos,Frutas y verduras,Verduras,subcategory
paiz,/Frutas y Verduras/Verduras/Zapallo Entero/Partido/,Alimentos,Frutas y verduras,Verduras,subcategory
paiz,/Higiene y Belleza/Accesorios y básicos/Kits de viaje/,Cuidado personal y belleza,Básicos de higiene,Kits de viaje,subcategory
paiz,/Higiene y Belleza/Accesorios y básicos/Pañuelos desechables/,Cuidado personal y belleza,Básicos de higiene,"Algodón, hisopos y pañuelos",subcategory
paiz,/Higiene y Belleza/Afeitado/Cuidado del Hombre/,Cuidado personal y belleza,Afeitado y depilación,Afeitado y depilación,subcategory
paiz,/Higiene y Belleza/Cosméticos/Accesorios cosméticos/,Cuidado personal y belleza,Maquillaje y uñas,Maquillaje,subcategory
paiz,/Higiene y Belleza/Cosméticos/Delineador de ojos y cejas/,Cuidado personal y belleza,Maquillaje y uñas,Maquillaje,subcategory
paiz,/Higiene y Belleza/Cosméticos/Esmaltes y manicure/,Cuidado personal y belleza,Maquillaje y uñas,Maquillaje,subcategory
paiz,/Higiene y Belleza/Cosméticos/Labiales y brillos/,Cuidado personal y belleza,Maquillaje y uñas,Maquillaje,subcategory
paiz,/Higiene y Belleza/Cosméticos/Polvos compactos/,Cuidado personal y belleza,Maquillaje y uñas,Maquillaje,subcategory
paiz,/Higiene y Belleza/Cosméticos/Rubores y Bronceadores/,Cuidado personal y belleza,Maquillaje y uñas,Maquillaje,subcategory
paiz,/Higiene y Belleza/Cosméticos/Sombra ojos/,Cuidado personal y belleza,Maquillaje y uñas,Maquillaje,subcategory
paiz,/Higiene y Belleza/Cuidado Bucal/Cepillo dental/,Cuidado personal y belleza,Higiene bucal,Cepillos dentales,subcategory
paiz,/Higiene y Belleza/Cuidado Bucal/Enjuague bucal/,Cuidado personal y belleza,Higiene bucal,Enjuague e hilo dental,subcategory
paiz,/Higiene y Belleza/Cuidado Bucal/Higiene bucal para niños/,Cuidado personal y belleza,Higiene bucal,Pasta dental,subcategory
paiz,/Higiene y Belleza/Cuidado Bucal/Hilo dental y artículos especializados/,Cuidado personal y belleza,Higiene bucal,Enjuague e hilo dental,subcategory
paiz,/Higiene y Belleza/Cuidado Bucal/Pasta dental/,Cuidado personal y belleza,Higiene bucal,Pasta dental,subcategory
paiz,/Higiene y Belleza/Cuidado Corporal/Accesorios para ducha/,Cuidado personal y belleza,Higiene corporal,Accesorios de baño,subcategory
paiz,/Higiene y Belleza/Cuidado Corporal/Bloqueadores y bronceadores/,Cuidado personal y belleza,Higiene corporal,Protector solar,subcategory
paiz,/Higiene y Belleza/Cuidado Corporal/Cremas corporales/,Cuidado personal y belleza,Higiene corporal,Cremas y lociones corporales,subcategory
paiz,/Higiene y Belleza/Cuidado Corporal/Depilación y Afeitado/,Cuidado personal y belleza,Afeitado y depilación,Afeitado y depilación,subcategory
paiz,/Higiene y Belleza/Cuidado Corporal/Desodorantes/,Cuidado personal y belleza,Higiene corporal,Desodorantes,subcategory
paiz,/Higiene y Belleza/Cuidado Corporal/Fragancias/,Cuidado personal y belleza,Higiene corporal,Fragancias,subcategory
paiz,/Higiene y Belleza/Cuidado Corporal/Jabón y gel corporal/,Cuidado personal y belleza,Higiene corporal,Jabones y geles de baño,subcategory
paiz,/Higiene y Belleza/Cuidado Corporal/Tratamientos corporales/,Cuidado personal y belleza,Higiene corporal,Cremas y lociones corporales,subcategory
paiz,/Higiene y Belleza/Cuidado Facial/Accesorios faciales/,Cuidado personal y belleza,Cuidado facial,Cremas y tratamientos faciales,subcategory
paiz,/Higiene y Belleza/Cuidado Facial/Crema facial/,Cuidado personal y belleza,Cuidado facial,Cremas y tratamientos faciales,subcategory
paiz,/Higiene y Belleza/Cuidado Facial/Desmaquillante y agua micelar/,Cuidado personal y belleza,Cuidado facial,Limpieza y desmaquillantes,subcategory
paiz,/Higiene y Belleza/Cuidado Facial/Tratamientos faciales/,Cuidado personal y belleza,Cuidado facial,Cremas y tratamientos faciales,subcategory
paiz,/Higiene y Belleza/Cuidado del cabello/Acondicionador/,Cuidado personal y belleza,Cuidado del cabello,Acondicionadores y tratamientos,subcategory
paiz,"/Higiene y Belleza/Cuidado del cabello/Cepillos, Planchas y Accesorios/",Cuidado personal y belleza,Cuidado del cabello,Cepillos y accesorios para cabello,subcategory
paiz,/Higiene y Belleza/Cuidado del cabello/Crema para peinar/,Cuidado personal y belleza,Cuidado del cabello,"Cremas, geles y fijadores",subcategory
paiz,"/Higiene y Belleza/Cuidado del cabello/Gel, mousse y spray/",Cuidado personal y belleza,Cuidado del cabello,"Cremas, geles y fijadores",subcategory
paiz,/Higiene y Belleza/Cuidado del cabello/Shampoo Infantil/,Cuidado personal y belleza,Cuidado del cabello,,category
paiz,/Higiene y Belleza/Cuidado del cabello/Shampoo/,Cuidado personal y belleza,Cuidado del cabello,Shampoo,subcategory
paiz,/Higiene y Belleza/Cuidado del cabello/Tinte de cabello/,Cuidado personal y belleza,Cuidado del cabello,Tintes,subcategory
paiz,/Higiene y Belleza/Cuidado del cabello/Tratamiento capilar/,Cuidado personal y belleza,Cuidado del cabello,Acondicionadores y tratamientos,subcategory
paiz,/Higiene y Belleza/Cuidado Íntimo/Tampones y copas menstruales/,Cuidado personal y belleza,Higiene femenina e íntima,"Toallas, protectores y tampones",subcategory
paiz,/Higiene y Belleza/Cuidado Íntimo/Toallas íntimas/,Cuidado personal y belleza,Higiene femenina e íntima,"Toallas, protectores y tampones",subcategory
paiz,/Higiene y Belleza/Kits de viaje/,Cuidado personal y belleza,Básicos de higiene,Kits de viaje,subcategory
paiz,/Jugos y Bebidas/Agua/Agua Natural/,Bebidas y tabaco,Bebidas sin alcohol,Agua,subcategory
paiz,/Jugos y Bebidas/Agua/Agua Saborizada/,Bebidas y tabaco,Bebidas sin alcohol,Agua,subcategory
paiz,/Jugos y Bebidas/Agua/Envase Agua/,Bebidas y tabaco,Bebidas sin alcohol,Agua,subcategory
paiz,/Jugos y Bebidas/Café y Te preparado/Café listo para beber/,Bebidas y tabaco,Bebidas sin alcohol,Café y té listos para beber,subcategory
paiz,/Jugos y Bebidas/Café y Te preparado/Te listo para beber/,Bebidas y tabaco,Bebidas sin alcohol,Café y té listos para beber,subcategory
paiz,/Jugos y Bebidas/Energizantes e Hidratantes/Energizante/,Bebidas y tabaco,Bebidas sin alcohol,Energizantes e hidratantes,subcategory
paiz,/Jugos y Bebidas/Energizantes e Hidratantes/Hidratante/,Bebidas y tabaco,Bebidas sin alcohol,Energizantes e hidratantes,subcategory
paiz,/Jugos y Bebidas/Gaseosas/Light y Sin Azúcar/,Bebidas y tabaco,Bebidas sin alcohol,Gaseosas,subcategory
paiz,/Jugos y Bebidas/Gaseosas/Sabor Cola/,Bebidas y tabaco,Bebidas sin alcohol,Gaseosas,subcategory
paiz,/Jugos y Bebidas/Gaseosas/Sabores Varios/,Bebidas y tabaco,Bebidas sin alcohol,Gaseosas,subcategory
paiz,/Jugos y Bebidas/Jugos y Néctares/Jugo de Frutas/,Bebidas y tabaco,Bebidas sin alcohol,Jugos y néctares,subcategory
paiz,/Jugos y Bebidas/Jugos y Néctares/Jugo de Verduras/,Bebidas y tabaco,Bebidas sin alcohol,Jugos y néctares,subcategory
paiz,/Jugos y Bebidas/Jugos y Néctares/Néctar/,Bebidas y tabaco,Bebidas sin alcohol,Jugos y néctares,subcategory
paiz,/Jugos y Bebidas/Polvo y Líquidos Concentrados/Bebidas en Polvo/,Bebidas y tabaco,Bebidas sin alcohol,Bebidas en polvo y concentrados,subcategory
paiz,/Jugos y Bebidas/Polvo y Líquidos Concentrados/Líquido Concentrado/,Bebidas y tabaco,Bebidas sin alcohol,Bebidas en polvo y concentrados,subcategory
paiz,"/Juguetes/Arte, manualidades y creatividad/Accesorios infantiles/",Juguetes,Juguetes,"Educativos, arte y manualidades",subcategory
paiz,"/Juguetes/Arte, manualidades y creatividad/Plasticina/",Juguetes,Juguetes,"Educativos, arte y manualidades",subcategory
paiz,/Juguetes/Bebes y preescolar/Estimulación temprana/,Juguetes,Juguetes,Bebé y preescolar,subcategory
paiz,/Juguetes/Bebes y preescolar/Sonajeros/,Juguetes,Juguetes,Bebé y preescolar,subcategory
paiz,/Juguetes/Bloques y construcción/Sets de construcción/,Juguetes,Juguetes,Bloques y construcción,subcategory
paiz,/Juguetes/Figuras de acción y coleccionables/Coleccionables/,Juguetes,Juguetes,Figuras de acción y coleccionables,subcategory
paiz,/Juguetes/Figuras de acción y coleccionables/Mini figuras/,Juguetes,Juguetes,Figuras de acción y coleccionables,subcategory
paiz,/Juguetes/Figuras de acción y coleccionables/Personajes/,Juguetes,Juguetes,Figuras de acción y coleccionables,subcategory
paiz,/Juguetes/Juegos de imitación y roles/Cocinitas/,Juguetes,Juguetes,Juegos de roles,subcategory
paiz,/Juguetes/Juegos de imitación y roles/Disfraces/,Juguetes,Juguetes,Juegos de roles,subcategory
paiz,"/Juguetes/Juegos de mesa, cartas y rompecabezas/Juegos familiares/",Juguetes,Juguetes,Juegos de mesa y rompecabezas,subcategory
paiz,/Juguetes/Juguetes educativos/Aprendizaje/,Juguetes,Juguetes,"Educativos, arte y manualidades",subcategory
paiz,/Juguetes/Juguetes educativos/Ciencia y experimentos/,Juguetes,Juguetes,"Educativos, arte y manualidades",subcategory
paiz,/Juguetes/Juguetes educativos/Juguetes Montessori/,Juguetes,Juguetes,"Educativos, arte y manualidades",subcategory
paiz,/Juguetes/Juguetes exterior/Accesorios para piscina/,Juguetes,Juguetes,Juegos de exterior,subcategory
paiz,/Juguetes/Juguetes exterior/Juguetes para exterior/,Juguetes,Juguetes,Juegos de exterior,subcategory
paiz,/Juguetes/Peluches y Muñecas/Accesorios y sets de juego/,Juguetes,Juguetes,Muñecas y peluches,subcategory
paiz,/Juguetes/Peluches y Muñecas/Animales de juguete/,Juguetes,Juguetes,Muñecas y peluches,subcategory
paiz,/Juguetes/Peluches y Muñecas/Barbies/,Juguetes,Juguetes,Muñecas y peluches,subcategory
paiz,/Juguetes/Peluches y Muñecas/Muñecas/,Juguetes,Juguetes,Muñecas y peluches,subcategory
paiz,/Juguetes/Peluches y Muñecas/Muñecos bebés/,Juguetes,Juguetes,Muñecas y peluches,subcategory
paiz,/Juguetes/Peluches y Muñecas/Peluches/,Juguetes,Juguetes,Muñecas y peluches,subcategory
paiz,"/Juguetes/Vehículos, pistas y control remoto/Carritos y camiones/",Juguetes,Juguetes,Vehículos y control remoto,subcategory
paiz,"/Juguetes/Vehículos, pistas y control remoto/Control remoto/",Juguetes,Juguetes,Vehículos y control remoto,subcategory
paiz,"/Juguetes/Vehículos, pistas y control remoto/Pistas y trenes/",Juguetes,Juguetes,Vehículos y control remoto,subcategory
paiz,"/Juguetes/Vehículos, pistas y control remoto/Vehículos de colección/",Juguetes,Juguetes,Vehículos y control remoto,subcategory
paiz,"/Limpieza/Accesorios para limpieza/Escobas, Cepillos y Escurridores de Piso/",Limpieza,Limpieza del hogar,Accesorios de limpieza,subcategory
paiz,/Limpieza/Accesorios para limpieza/Fibras y esponjas/,Limpieza,Limpieza del hogar,Accesorios de limpieza,subcategory
paiz,/Limpieza/Accesorios para limpieza/Guantes/,Limpieza,Limpieza del hogar,Accesorios de limpieza,subcategory
paiz,/Limpieza/Accesorios para limpieza/Prensas de Ropa y Tendederos/,Limpieza,Limpieza del hogar,Accesorios de limpieza,subcategory
paiz,/Limpieza/Accesorios para limpieza/Trapeadores y Quitapelusas/,Limpieza,Limpieza del hogar,Accesorios de limpieza,subcategory
paiz,/Limpieza/Aromatizantes/Aromatizante ambiental/,Limpieza,Aromatizantes,Aromatizantes,subcategory
paiz,/Limpieza/Aromatizantes/Aromatizante de baño/,Limpieza,Aromatizantes,Aromatizantes,subcategory
paiz,/Limpieza/Colorantes y Almidones/Colorantes/,Limpieza,Lavandería,"Quitamanchas, blanqueadores y colorantes",subcategory
paiz,/Limpieza/Desechables/Bolsas para Basura/,Limpieza,Papel y desechables,Bolsas para basura,subcategory
paiz,/Limpieza/Desechables/Bolsas para Cocina/,Limpieza,Papel y desechables,"Bolsas, aluminio y envolturas",subcategory
paiz,/Limpieza/Desechables/Palillos y Pajillas/,Limpieza,Papel y desechables,"Platos, vasos y cubiertos desechables",subcategory
paiz,/Limpieza/Desechables/Papel aluminio y adherente/,Limpieza,Papel y desechables,"Bolsas, aluminio y envolturas",subcategory
paiz,/Limpieza/Desechables/Servilletas/,Limpieza,Papel y desechables,Papel toalla y servilletas,subcategory
paiz,/Limpieza/Desechables/Toallas de cocina/,Limpieza,Papel y desechables,Papel toalla y servilletas,subcategory
paiz,/Limpieza/Desechables/Vasos y platos/,Limpieza,Papel y desechables,"Platos, vasos y cubiertos desechables",subcategory
paiz,/Limpieza/Detergente/Detergente en polvo/,Limpieza,Lavandería,Detergentes,subcategory
paiz,/Limpieza/Detergente/Detergente líquido/,Limpieza,Lavandería,Detergentes,subcategory
paiz,/Limpieza/Jabón de lavandería/Jabón de Barra/,Limpieza,Lavandería,Jabón de lavandería,subcategory
paiz,/Limpieza/Lavaplatos/Lavaplatos en polvo y en pasta/,Limpieza,Limpieza del hogar,Lavaplatos,subcategory
paiz,/Limpieza/Lavaplatos/Lavaplatos líquido/,Limpieza,Limpieza del hogar,Lavaplatos,subcategory
paiz,/Limpieza/Limpieza del hogar/Cera para Pisos/,Limpieza,Limpieza del hogar,Cuidado de pisos y calzado,subcategory
paiz,/Limpieza/Limpieza del hogar/Cloro/,Limpieza,Limpieza del hogar,Cloro y desinfectantes,subcategory
paiz,/Limpieza/Limpieza del hogar/Cuidado para Zapatos/,Limpieza,Limpieza del hogar,Cuidado de pisos y calzado,subcategory
paiz,/Limpieza/Limpieza del hogar/Desinfectantes/,Limpieza,Limpieza del hogar,Cloro y desinfectantes,subcategory
paiz,/Limpieza/Limpieza del hogar/Destapacaños/,Limpieza,Limpieza del hogar,Limpiadores multiusos y de cocina,subcategory
paiz,/Limpieza/Limpieza del hogar/Insecticidas y Trampas/,Limpieza,Limpieza del hogar,Insecticidas y control de plagas,subcategory
paiz,/Limpieza/Limpieza del hogar/Limpiadores Multiusos/,Limpieza,Limpieza del hogar,Limpiadores multiusos y de cocina,subcategory
paiz,/Limpieza/Limpieza del hogar/Limpiadores de Cocina/,Limpieza,Limpieza del hogar,Limpiadores multiusos y de cocina,subcategory
paiz,/Limpieza/Limpieza del hogar/Toallitas Desinfectantes/,Limpieza,Limpieza del hogar,Cloro y desinfectantes,subcategory
paiz,/Limpieza/Papel Higiénico/12 Rollos/,Limpieza,Papel y desechables,Papel higiénico,subcategory
paiz,/Limpieza/Papel Higiénico/16 Rollos/,Limpieza,Papel y desechables,Papel higiénico,subcategory
paiz,/Limpieza/Papel Higiénico/18 Rollos/,Limpieza,Papel y desechables,Papel higiénico,subcategory
paiz,/Limpieza/Papel Higiénico/24 Rollos/,Limpieza,Papel y desechables,Papel higiénico,subcategory
paiz,/Limpieza/Papel Higiénico/3 Rollos/,Limpieza,Papel y desechables,Papel higiénico,subcategory
paiz,/Limpieza/Papel Higiénico/32 Rollos/,Limpieza,Papel y desechables,Papel higiénico,subcategory
paiz,/Limpieza/Papel Higiénico/4 Rollos/,Limpieza,Papel y desechables,Papel higiénico,subcategory
paiz,/Limpieza/Papel Higiénico/40 Rollos/,Limpieza,Papel y desechables,Papel higiénico,subcategory
paiz,/Limpieza/Papel Higiénico/6 Rollos/,Limpieza,Papel y desechables,Papel higiénico,subcategory
paiz,/Limpieza/Papel Higiénico/9 Rollos/,Limpieza,Papel y desechables,Papel higiénico,subcategory
paiz,/Limpieza/Papel Higiénico/Papel Higiénico Húmedo/,Limpieza,Papel y desechables,Papel higiénico,subcategory
paiz,/Limpieza/Quitamanchas para ropa/Quitamanchas liquido/,Limpieza,Lavandería,"Quitamanchas, blanqueadores y colorantes",subcategory
paiz,/Limpieza/Suavizante/Suavizante Regular/,Limpieza,Lavandería,Suavizantes,subcategory
paiz,/Lácteos/Crema o Natilla/Regular/,Alimentos,Lácteos y huevos,"Mantequillas, margarinas y cremas",subcategory
paiz,/Lácteos/Huevo/Blanco/,Alimentos,Lácteos y huevos,Huevos,subcategory
paiz,/Lácteos/Huevo/Marrón/,Alimentos,Lácteos y huevos,Huevos,subcategory
paiz,/Lácteos/Huevo/Pastoreo y Especializado/,Alimentos,Lácteos y huevos,Huevos,subcategory
paiz,/Lácteos/Leche/Condensada/,Alimentos,Lácteos y huevos,Leche,subcategory
paiz,/Lácteos/Leche/En Polvo/,Alimentos,Lácteos y huevos,Leche,subcategory
paiz,/Lácteos/Leche/Evaporada/,Alimentos,Lácteos y huevos,Leche,subcategory
paiz,/Lácteos/Leche/Leche Deslactosada/,Alimentos,Lácteos y huevos,Leche,subcategory
paiz,/Lácteos/Leche/Leche Entera/,Alimentos,Lácteos y huevos,Leche,subcategory
paiz,/Lácteos/Leche/Leche Especializada/,Alimentos,Lácteos y huevos,Leche,subcategory
paiz,/Lácteos/Leche/Leche Saborizada/,Alimentos,Lácteos y huevos,Leche,subcategory
paiz,/Lácteos/Leche/Leche Semi y Descremada/,Alimentos,Lácteos y huevos,Leche,subcategory
paiz,/Lácteos/Leche/Leche de Soya/,Bebidas y tabaco,Bebidas sin alcohol,Bebidas vegetales,subcategory
paiz,/Lácteos/Mantequillas y margarinas/Mantequillas/,Alimentos,Lácteos y huevos,"Mantequillas, margarinas y cremas",subcategory
paiz,/Lácteos/Mantequillas y margarinas/Margarinas/,Alimentos,Lácteos y huevos,"Mantequillas, margarinas y cremas",subcategory
paiz,/Lácteos/Queso/Más Quesos/,Alimentos,Lácteos y huevos,Quesos,subcategory
paiz,/Lácteos/Queso/Queso Americano/,Alimentos,Lácteos y huevos,Quesos,subcategory
paiz,/Lácteos/Queso/Queso Crema/,Alimentos,Lácteos y huevos,Quesos,subcategory
paiz,/Lácteos/Queso/Queso Fresco/,Alimentos,Lácteos y huevos,Quesos,subcategory
paiz,/Lácteos/Queso/Queso Mozzarella/,Alimentos,Lácteos y huevos,Quesos,subcategory
paiz,/Lácteos/Yogurt/Yogurt Batido/,Alimentos,Lácteos y huevos,Yogurt,subcategory
paiz,/Lácteos/Yogurt/Yogurt Bebible/,Alimentos,Lácteos y huevos,Yogurt,subcategory
paiz,/Lácteos/Yogurt/Yogurt Natural/,Alimentos,Lácteos y huevos,Yogurt,subcategory
paiz,/Mascota/Accesorios mascotas/Bebederos y Comederos/,Mascotas,Accesorios e higiene de mascotas,Accesorios y juguetes para mascotas,subcategory
paiz,/Mascota/Accesorios mascotas/Camas para mascotas/,Mascotas,Accesorios e higiene de mascotas,Accesorios y juguetes para mascotas,subcategory
paiz,/Mascota/Gatos/,Mascotas,Gatos,,category
paiz,/Mascota/Gatos/Accesorios Gatos/,Mascotas,Accesorios e higiene de mascotas,Accesorios y juguetes para mascotas,subcategory
paiz,/Mascota/Gatos/Alimento Húmedo Gato/,Mascotas,Gatos,Alimento para gato,subcategory
paiz,/Mascota/Gatos/Alimento Seco Gato/,Mascotas,Gatos,Alimento para gato,subcategory
paiz,/Mascota/Gatos/Arena Gato/,Mascotas,Gatos,Arena para gato,subcategory
paiz,/Mascota/Gatos/Juguetes de gatos/,Mascotas,Accesorios e higiene de mascotas,Accesorios y juguetes para mascotas,subcategory
paiz,/Mascota/Limpieza y cuidado/Higiene del hogar/,Mascotas,Accesorios e higiene de mascotas,Higiene y salud de mascotas,subcategory
paiz,/Mascota/Limpieza y cuidado/Higiene y Grooming/,Mascotas,Accesorios e higiene de mascotas,Higiene y salud de mascotas,subcategory
paiz,/Mascota/Limpieza y cuidado/Salud y Antiparasitarios/,Mascotas,Accesorios e higiene de mascotas,Higiene y salud de mascotas,subcategory
paiz,/Mascota/Otras mascotas/Alimento para aves/,Mascotas,Otras mascotas,Otras mascotas,subcategory
paiz,/Mascota/Otras mascotas/Alimento tortugas/,Mascotas,Otras mascotas,Otras mascotas,subcategory
paiz,/Mascota/Perros/Alimento Húmedo Perro/,Mascotas,Perros,Alimento para perro,subcategory
paiz,/Mascota/Perros/Alimento Seco Perro/,Mascotas,Perros,Alimento para perro,subcategory
paiz,/Mascota/Perros/Collares y Correas/,Mascotas,Accesorios e higiene de mascotas,Accesorios y juguetes para mascotas,subcategory
paiz,/Mascota/Perros/Juguetes de perros/,Mascotas,Accesorios e higiene de mascotas,Accesorios y juguetes para mascotas,subcategory
paiz,/Mascota/Perros/Snacks y Premios Perro/,Mascotas,Perros,Snacks y premios para perro,subcategory
paiz,/Panadería y tortillería/Pan Dulce/Empacados/,Alimentos,Panadería y tortillas,"Pan dulce, pasteles y repostería",subcategory
paiz,/Panadería y tortillería/Pan Salado/Bagels/,Alimentos,Panadería y tortillas,Pan salado y de molde,subcategory
paiz,/Panadería y tortillería/Pan Salado/Bollos y Hot Dog/,Alimentos,Panadería y tortillas,Pan salado y de molde,subcategory
paiz,/Panadería y tortillería/Pan Salado/Empanizadores/,Alimentos,Panadería y tortillas,Pan salado y de molde,subcategory
paiz,/Panadería y tortillería/Pan Salado/Pan Europeo y Rústico/,Alimentos,Panadería y tortillas,Pan salado y de molde,subcategory
paiz,/Panadería y tortillería/Pan Salado/Pan Tostado/,Alimentos,Panadería y tortillas,Pan salado y de molde,subcategory
paiz,/Panadería y tortillería/Pan y Tortillas Empacados/Crutones/,Alimentos,Panadería y tortillas,Pan salado y de molde,subcategory
paiz,"/Panadería y tortillería/Repostería y Pastelería/Pasteles, Tartas y Pays/",Alimentos,Panadería y tortillas,"Pan dulce, pasteles y repostería",subcategory
paiz,/Panadería y tortillería/Tortillería/Tortillas de Harina/,Alimentos,Panadería y tortillas,Tortillas,subcategory
paiz,/Panadería y tortillería/Tortillería/Tortillas de Maíz/,Alimentos,Panadería y tortillas,Tortillas,subcategory
paiz,/Ropa y Zapatería/Hombre/Ropa Deportiva para Hombre/,"Ropa, calzado y accesorios",Ropa,Hombre,subcategory
paiz,/Ropa y Zapatería/Hombre/Ropa interior para Hombre/,"Ropa, calzado y accesorios",Ropa,Hombre,subcategory
paiz,/Ropa y Zapatería/Hombre/Ropa para Hombre/,"Ropa, calzado y accesorios",Ropa,Hombre,subcategory
paiz,/Ropa y Zapatería/Mujer/Accesorios para Mujer/,"Ropa, calzado y accesorios",Ropa,Mujer,subcategory
paiz,/Ropa y Zapatería/Mujer/Pijamas y Lenceria Mujer/,"Ropa, calzado y accesorios",Ropa,Mujer,subcategory
paiz,/Ropa y Zapatería/Mujer/Ropa Deportiva para Mujer/,"Ropa, calzado y accesorios",Ropa,Mujer,subcategory
paiz,/Ropa y Zapatería/Ropa Para Niñas/Ropa Interior y Pijamas de Niñas/,"Ropa, calzado y accesorios",Ropa,Niñas,subcategory
paiz,/Ropa y Zapatería/Ropa Para Niños/Ropa Interior y Pijamas de Niños/,"Ropa, calzado y accesorios",Ropa,Niños,subcategory
paiz,/Ropa y Zapatería/Ropa para bebé/Ropa interior para bebé/,"Ropa, calzado y accesorios",Ropa,Bebé,subcategory
pricesmart,Alimentos,Alimentos,,,department
pricesmart,Automotriz,Ferretería y autos,Autos y motos,,category
pricesmart,Bebé,Bebé,,,department
pricesmart,"Computadoras, tablets y accesorios",Electrónica y electrodomésticos,Electrónica,Computación y tablets,subcategory
pricesmart,Deportes y fitness,Deportes y aire libre,Deportes,,category
pricesmart,Electrodomésticos,Electrónica y electrodomésticos,Electrodomésticos,Pequeños electrodomésticos,subcategory
pricesmart,Electrónicos,Electrónica y electrodomésticos,Electrónica,,category
pricesmart,Equipaje,"Ropa, calzado y accesorios",Accesorios y equipaje,Accesorios y equipaje,subcategory
pricesmart,Exteriores,Hogar y cocina,Jardín y exteriores,"Muebles, parrillas y exteriores",subcategory
pricesmart,Ferretería y mejoras al hogar,Ferretería y autos,Ferretería,,category
pricesmart,Ferretería y mejoras al hogar | Exteriores,Hogar y cocina,Jardín y exteriores,"Muebles, parrillas y exteriores",subcategory
pricesmart,Hogar,,,,by_name
pricesmart,Juguetes y juegos,Juguetes,Juguetes,,category
pricesmart,"Licor, cerveza y vino",Bebidas y tabaco,Bebidas alcohólicas,,category
pricesmart,Línea blanca,Electrónica y electrodomésticos,Electrodomésticos,Línea blanca,subcategory
pricesmart,Mascotas,Mascotas,,,department
pricesmart,Mascotas | Electrodomésticos,Electrónica y electrodomésticos,Electrodomésticos,Pequeños electrodomésticos,subcategory
pricesmart,Moda y accesorios,"Ropa, calzado y accesorios",,,department
pricesmart,Muebles,Hogar y cocina,Muebles,Muebles,subcategory
pricesmart,Muebles | Oficina,Hogar y cocina,Muebles,Muebles,subcategory
pricesmart,Oficina,"Papelería, oficina y fiestas",Papelería y oficina,Útiles escolares y de oficina,subcategory
pricesmart,"Películas, música y libros","Papelería, oficina y fiestas",Libros y entretenimiento,"Libros, música y películas",subcategory
pricesmart,Productos de temporada,,,,by_name
pricesmart,Productos de temporada | Alimentos,Alimentos,,,department
pricesmart,Productos de temporada | Exteriores,Hogar y cocina,Jardín y exteriores,"Muebles, parrillas y exteriores",subcategory
pricesmart,Productos de temporada | Hogar,,,,by_name
pricesmart,Salud y belleza,Cuidado personal y belleza,,,department
pricesmart,Suministros para restaurantes,,,,by_name
pricesmart,Tarjetas de Regalo,,,,excluded
pricesmart,Óptica,Salud y farmacia,Óptica,Lentes y cuidado visual,subcategory
walmart,/Abarrotes/,Alimentos,Abarrotes,,category
walmart,/Abarrotes/Aceites de cocina/Aceite Spray/,Alimentos,Abarrotes,Aceites y grasas,subcategory
walmart,/Abarrotes/Aceites de cocina/Aceite de Canola/,Alimentos,Abarrotes,Aceites y grasas,subcategory
walmart,/Abarrotes/Aceites de cocina/Aceite de Maíz/,Alimentos,Abarrotes,Aceites y grasas,subcategory
walmart,/Abarrotes/Aceites de cocina/Aceite de Oliva/,Alimentos,Abarrotes,Aceites y grasas,subcategory
walmart,/Abarrotes/Aceites de cocina/Aceite de Semillas y Vegetal/,Alimentos,Abarrotes,Aceites y grasas,subcategory
walmart,/Abarrotes/Aceites de cocina/Manteca/,Alimentos,Abarrotes,Aceites y grasas,subcategory
walmart,/Abarrotes/Alimentos Instantáneos/Cremas Instantáneas/,Alimentos,Abarrotes,Sopas y comidas instantáneas,subcategory
walmart,/Abarrotes/Alimentos Instantáneos/Pasta y Sopa Instantánea/,Alimentos,Abarrotes,Sopas y comidas instantáneas,subcategory
walmart,/Abarrotes/Alimentos Instantáneos/Pure instantáneo/,Alimentos,Abarrotes,Sopas y comidas instantáneas,subcategory
walmart,"/Abarrotes/Arroz, Frijol y Semillas/Arroz/",Alimentos,Abarrotes,"Arroz, granos y legumbres",subcategory
walmart,"/Abarrotes/Arroz, Frijol y Semillas/Frijol/",Alimentos,Abarrotes,"Arroz, granos y legumbres",subcategory
walmart,"/Abarrotes/Arroz, Frijol y Semillas/Leguminosas/",Alimentos,Abarrotes,"Arroz, granos y legumbres",subcategory
walmart,"/Abarrotes/Arroz, Frijol y Semillas/Semillas/",Alimentos,Abarrotes,"Arroz, granos y legumbres",subcategory
walmart,/Abarrotes/Azúcar y Postres/Azúcar/,Alimentos,Abarrotes,Azúcar y endulzantes,subcategory
walmart,/Abarrotes/Azúcar y Postres/Gelatinas y Flan/,Alimentos,Abarrotes,Azúcar y endulzantes,subcategory
walmart,/Abarrotes/Azúcar y Postres/Sustituto de Azúcar/,Alimentos,Abarrotes,Azúcar y endulzantes,subcategory
walmart,"/Abarrotes/Café, Té y Sustitutos/Café Molido/",Bebidas y tabaco,"Café, té e infusiones",Café,subcategory
walmart,"/Abarrotes/Café, Té y Sustitutos/Café en grano/",Bebidas y tabaco,"Café, té e infusiones",Café,subcategory
walmart,"/Abarrotes/Café, Té y Sustitutos/Café listo para beber/",Bebidas y tabaco,"Café, té e infusiones",Café,subcategory
walmart,"/Abarrotes/Café, Té y Sustitutos/Crema para café/",Bebidas y tabaco,"Café, té e infusiones",Café,subcategory
walmart,"/Abarrotes/Café, Té y Sustitutos/Filtros para café/",Bebidas y tabaco,"Café, té e infusiones",Café,subcategory
walmart,"/Abarrotes/Café, Té y Sustitutos/Té Medicinales/",Bebidas y tabaco,"Café, té e infusiones",Té e infusiones,subcategory
walmart,/Abarrotes/Cereales y Barras/Avena y Granola/,Alimentos,Abarrotes,"Cereales, avenas y barras",subcategory
walmart,/Abarrotes/Cereales y Barras/Barras de Cereal/,Alimentos,Abarrotes,"Cereales, avenas y barras",subcategory
walmart,/Abarrotes/Cereales y Barras/Cereal Dulce/,Alimentos,Abarrotes,"Cereales, avenas y barras",subcategory
walmart,/Abarrotes/Cereales y Barras/De Fibra y Light/,Alimentos,Abarrotes,"Cereales, avenas y barras",subcategory
walmart,/Abarrotes/Dulces y Chocolates/Bombones/,Alimentos,Snacks y dulces,Dulces y chocolates,subcategory
walmart,/Abarrotes/Dulces y Chocolates/Caramelos/,Alimentos,Snacks y dulces,Dulces y chocolates,subcategory
walmart,/Abarrotes/Dulces y Chocolates/Chicles/,Alimentos,Snacks y dulces,Dulces y chocolates,subcategory
walmart,/Abarrotes/Dulces y Chocolates/Chocolates/,Alimentos,Snacks y dulces,Dulces y chocolates,subcategory
walmart,/Abarrotes/Dulces y Chocolates/Gomitas/,Alimentos,Snacks y dulces,Dulces y chocolates,subcategory
walmart,/Abarrotes/Dulces y Chocolates/Sin Azúcar/,Alimentos,Snacks y dulces,Dulces y chocolates,subcategory
walmart,/Abarrotes/Enlatados y Conservas/Aceitunas/,Alimentos,Abarrotes,Enlatados y conservas,subcategory
walmart,/Abarrotes/Enlatados y Conservas/Atún y Pescado/,Alimentos,Abarrotes,Enlatados y conservas,subcategory
walmart,/Abarrotes/Enlatados y Conservas/Carnes Enlatadas/,Alimentos,Abarrotes,Enlatados y conservas,subcategory
walmart,/Abarrotes/Enlatados y Conservas/Frijoles instantáneos/,Alimentos,Abarrotes,Enlatados y conservas,subcategory
walmart,/Abarrotes/Enlatados y Conservas/Frutas en Almíbar/,Alimentos,Abarrotes,Enlatados y conservas,subcategory
walmart,/Abarrotes/Enlatados y Conservas/Vegetales Enlatados/,Alimentos,Abarrotes,Enlatados y conservas,subcategory
walmart,/Abarrotes/Especias y Sazonadores/Consomés/,Alimentos,Abarrotes,Especias y condimentos,subcategory
walmart,/Abarrotes/Especias y Sazonadores/Especias/,Alimentos,Abarrotes,Especias y condimentos,subcategory
walmart,/Abarrotes/Especias y Sazonadores/Sal y Condimentos/,Alimentos,Abarrotes,Especias y condimentos,subcategory
walmart,/Abarrotes/Especias y Sazonadores/Sazonadores/,Alimentos,Abarrotes,Especias y condimentos,subcategory
walmart,/Abarrotes/Galletas/Galletas Dulces/,Alimentos,Snacks y dulces,Galletas,subcategory
walmart,/Abarrotes/Galletas/Galletas Integrales/,Alimentos,Snacks y dulces,Galletas,subcategory
walmart,/Abarrotes/Galletas/Galletas Saladas/,Alimentos,Snacks y dulces,Galletas,subcategory
walmart,/Abarrotes/Harinas y Repostería/Harina de Trigo y Maíz/,Alimentos,Abarrotes,Harinas y repostería,subcategory
walmart,/Abarrotes/Harinas y Repostería/Para Hot Cakes/,Alimentos,Abarrotes,Harinas y repostería,subcategory
walmart,/Abarrotes/Harinas y Repostería/Repostería/,Alimentos,Abarrotes,Harinas y repostería,subcategory
walmart,/Abarrotes/Harinas y Repostería/Saborizantes Artificiales/,Alimentos,Abarrotes,Harinas y repostería,subcategory
walmart,/Abarrotes/Mermeladas y Miel/Cajeta y Dulce de Leche/,Alimentos,Abarrotes,"Untables, mermeladas y miel",subcategory
walmart,/Abarrotes/Mermeladas y Miel/Crema de Avellana y Mantequilla de Maní/,Alimentos,Abarrotes,"Untables, mermeladas y miel",subcategory
walmart,/Abarrotes/Mermeladas y Miel/Mermelada/,Alimentos,Abarrotes,"Untables, mermeladas y miel",subcategory
walmart,/Abarrotes/Mermeladas y Miel/Miel/,Alimentos,Abarrotes,"Untables, mermeladas y miel",subcategory
walmart,/Abarrotes/Pastas/Fusilli/,Alimentos,Abarrotes,Pastas,subcategory
walmart,/Abarrotes/Pastas/Pasta Especial/,Alimentos,Abarrotes,Pastas,subcategory
walmart,/Abarrotes/Pastas/Salsa para Pasta y Pizza/,Alimentos,Abarrotes,"Salsas, aderezos y vinagres",subcategory
walmart,/Abarrotes/Pastas/Spaghetti/,Alimentos,Abarrotes,Pastas,subcategory
walmart,/Abarrotes/Productos Vegetales y Veganos/Bebida de Almendra/,Alimentos,Abarrotes,Productos vegetales y especialidades,subcategory
walmart,"/Abarrotes/Salsa, Aderezos y Vinagre/Aderezos y Vinagretas/",Alimentos,Abarrotes,"Salsas, aderezos y vinagres",subcategory
walmart,"/Abarrotes/Salsa, Aderezos y Vinagre/Cátsup y Mostaza/",Alimentos,Abarrotes,"Salsas, aderezos y vinagres",subcategory
walmart,"/Abarrotes/Salsa, Aderezos y Vinagre/Mayonesa/",Alimentos,Abarrotes,"Salsas, aderezos y vinagres",subcategory
walmart,"/Abarrotes/Salsa, Aderezos y Vinagre/Salsa Picante/",Alimentos,Abarrotes,"Salsas, aderezos y vinagres",subcategory
walmart,"/Abarrotes/Salsa, Aderezos y Vinagre/Salsa de Soya y Teriyaki/",Alimentos,Abarrotes,"Salsas, aderezos y vinagres",subcategory
walmart,"/Abarrotes/Salsa, Aderezos y Vinagre/Salsas para Sazonar/",Alimentos,Abarrotes,"Salsas, aderezos y vinagres",subcategory
walmart,"/Abarrotes/Salsa, Aderezos y Vinagre/Vinagre/",Alimentos,Abarrotes,"Salsas, aderezos y vinagres",subcategory
walmart,/Abarrotes/Snacks y Fruta Seca/Chicharrones/,Alimentos,Snacks y dulces,,category
walmart,/Abarrotes/Snacks y Fruta Seca/Dip/,Alimentos,Snacks y dulces,,category
walmart,/Abarrotes/Snacks y Fruta Seca/Frutas Secas/,Alimentos,Frutas y verduras,Frutas,subcategory
walmart,/Abarrotes/Snacks y Fruta Seca/Maní y otras semillas/,Alimentos,Snacks y dulces,,category
walmart,/Abarrotes/Snacks y Fruta Seca/Nueces y Almendras/,Alimentos,Snacks y dulces,,category
walmart,/Abarrotes/Snacks y Fruta Seca/Palomitas/,Alimentos,Snacks y dulces,,category
walmart,/Abarrotes/Snacks y Fruta Seca/Papas y frituras/,Alimentos,Snacks y dulces,"Papas, frituras y boquitas",subcategory
walmart,/Alimentos Congelados/Comida Fácil/Comida Congelada/,Alimentos,Congelados y comidas preparadas,Comidas listas y congeladas,subcategory
walmart,/Alimentos Congelados/Comida Fácil/Papas Congeladas/,Alimentos,Congelados y comidas preparadas,Comidas listas y congeladas,subcategory
walmart,"/Alimentos Congelados/Comida Fácil/Tacos, pizzas y pastas/",Alimentos,Congelados y comidas preparadas,Comidas listas y congeladas,subcategory
walmart,/Alimentos Congelados/Frutas y Verdura Congelada/Frutas Congeladas/,Alimentos,Congelados y comidas preparadas,Frutas y verduras congeladas,subcategory
walmart,/Alimentos Congelados/Frutas y Verdura Congelada/Verduras Congeladas/,Alimentos,Congelados y comidas preparadas,Frutas y verduras congeladas,subcategory
walmart,/Alimentos Congelados/Hielo/Hielo Empacado/,Alimentos,Congelados y comidas preparadas,Hielo,subcategory
walmart,/Alimentos Congelados/Postres Congelados/Barquillos y Conos/,Alimentos,Congelados y comidas preparadas,Helados y postres congelados,subcategory
walmart,/Alimentos Congelados/Postres Congelados/Helados/,Alimentos,Congelados y comidas preparadas,Helados y postres congelados,subcategory
walmart,/Alimentos Congelados/Postres Congelados/Hot Cakes y Wafles/,Alimentos,Congelados y comidas preparadas,Helados y postres congelados,subcategory
walmart,/Alimentos Congelados/Postres Congelados/Pay y Pasteles/,Alimentos,Congelados y comidas preparadas,Helados y postres congelados,subcategory
walmart,/Anthistaminicos/Alimentos Instantáneos/Pasta y Sopa Instantánea/,Alimentos,Abarrotes,Sopas y comidas instantáneas,subcategory
walmart,"/Anthistaminicos/Arroz, Frijol y Semillas/Arroz/",Alimentos,Abarrotes,"Arroz, granos y legumbres",subcategory
walmart,/Anthistaminicos/Azúcar y Postres/Azúcar/,Alimentos,Abarrotes,Azúcar y endulzantes,subcategory
walmart,/Anthistaminicos/Azúcar y Postres/Gelatinas y Flan/,Alimentos,Abarrotes,Azúcar y endulzantes,subcategory
walmart,/Anthistaminicos/Azúcar y Postres/Sustituto de Azúcar/,Alimentos,Abarrotes,Azúcar y endulzantes,subcategory
walmart,"/Anthistaminicos/Café, Té y Sustitutos/Café Molido/",Bebidas y tabaco,"Café, té e infusiones",Café,subcategory
walmart,"/Anthistaminicos/Café, Té y Sustitutos/Café listo para beber/",Bebidas y tabaco,"Café, té e infusiones",Café,subcategory
walmart,"/Anthistaminicos/Café, Té y Sustitutos/Té Medicinales/",Bebidas y tabaco,"Café, té e infusiones",Té e infusiones,subcategory
walmart,/Anthistaminicos/Cereales y Barras/De Fibra y Light/,Alimentos,Abarrotes,"Cereales, avenas y barras",subcategory
walmart,/Anthistaminicos/Dulces y Chocolates/Caramelos/,Alimentos,Snacks y dulces,Dulces y chocolates,subcategory
walmart,/Anthistaminicos/Dulces y Chocolates/Chocolates/,Alimentos,Snacks y dulces,Dulces y chocolates,subcategory
walmart,/Anthistaminicos/Enlatados y Conservas/Atún y Pescado/,Alimentos,Abarrotes,Enlatados y conservas,subcategory
walmart,/Anthistaminicos/Enlatados y Conservas/Vegetales Enlatados/,Alimentos,Abarrotes,Enlatados y conservas,subcategory
walmart,/Anthistaminicos/Especias y Sazonadores/Especias/,Alimentos,Abarrotes,Especias y condimentos,subcategory
walmart,/Anthistaminicos/Especias y Sazonadores/Sal y Condimentos/,Alimentos,Abarrotes,Especias y condimentos,subcategory
walmart,/Anthistaminicos/Especias y Sazonadores/Sazonadores/,Alimentos,Abarrotes,Especias y condimentos,subcategory
walmart,/Anthistaminicos/Galletas/Galletas Dulces/,Alimentos,Snacks y dulces,Galletas,subcategory
walmart,/Anthistaminicos/Harinas y Repostería/Harina de Trigo y Maíz/,Alimentos,Abarrotes,Harinas y repostería,subcategory
walmart,/Anthistaminicos/Harinas y Repostería/Repostería/,Alimentos,Abarrotes,Harinas y repostería,subcategory
walmart,/Anthistaminicos/Mermeladas y Miel/Mermelada/,Alimentos,Abarrotes,"Untables, mermeladas y miel",subcategory
walmart,/Anthistaminicos/Pastas/Fusilli/,Alimentos,Abarrotes,Pastas,subcategory
walmart,/Anthistaminicos/Pastas/Pasta Especial/,Alimentos,Abarrotes,Pastas,subcategory
walmart,/Anthistaminicos/Pastas/Salsa para Pasta y Pizza/,Alimentos,Abarrotes,"Salsas, aderezos y vinagres",subcategory
walmart,"/Anthistaminicos/Salsa, Aderezos y Vinagre/Salsas para Sazonar/",Alimentos,Abarrotes,"Salsas, aderezos y vinagres",subcategory
walmart,"/Anthistaminicos/Salsa, Aderezos y Vinagre/Vinagre/",Alimentos,Abarrotes,"Salsas, aderezos y vinagres",subcategory
walmart,/Artículos para el hogar/Accesorios para cocina/Herméticos y Refractarios/,Hogar y cocina,Cocina,"Recipientes, termos y botellas",subcategory
walmart,/Artículos para el hogar/Accesorios para cocina/Manteles y Tapetes/,Hogar y cocina,Mesa,"Vajillas, vasos y cubiertos",subcategory
walmart,"/Artículos para el hogar/Accesorios para cocina/Ollas, Baterías y Sartenes/",Hogar y cocina,Cocina,Ollas y sartenes,subcategory
walmart,/Artículos para el hogar/Accesorios para cocina/Organización de Cocina/,Hogar y cocina,Cocina,"Recipientes, termos y botellas",subcategory
walmart,/Artículos para el hogar/Accesorios para cocina/Termos y Botellas/,Hogar y cocina,Cocina,"Recipientes, termos y botellas",subcategory
walmart,/Artículos para el hogar/Accesorios para cocina/Utensilios de Repostería/,Hogar y cocina,Cocina,Utensilios de cocina y repostería,subcategory
walmart,/Artículos para el hogar/Accesorios para cocina/Utensilios de cocina/,Hogar y cocina,Cocina,Utensilios de cocina y repostería,subcategory
walmart,/Artículos para el hogar/Accesorios para mesa/Accesorios de Mesa/,Hogar y cocina,Mesa,"Vajillas, vasos y cubiertos",subcategory
walmart,/Artículos para el hogar/Accesorios para mesa/Cubiertos y Cuchillos/,Hogar y cocina,Mesa,"Vajillas, vasos y cubiertos",subcategory
walmart,/Artículos para el hogar/Accesorios para mesa/Platos/,Hogar y cocina,Mesa,"Vajillas, vasos y cubiertos",subcategory
walmart,/Artículos para el hogar/Accesorios para mesa/Tazas y Jarras/,Hogar y cocina,Mesa,"Vajillas, vasos y cubiertos",subcategory
walmart,/Artículos para el hogar/Accesorios para mesa/Vajillas/,Hogar y cocina,Mesa,"Vajillas, vasos y cubiertos",subcategory
walmart,/Artículos para el hogar/Accesorios para mesa/Vasos y Copas/,Hogar y cocina,Mesa,"Vajillas, vasos y cubiertos",subcategory
walmart,/Artículos para el hogar/Artículos de temporada/Adornos Navidad/,Hogar y cocina,Decoración,Decoración de temporada,subcategory
walmart,/Artículos para el hogar/Artículos de temporada/Artículos de Navidad/,Hogar y cocina,Decoración,Decoración de temporada,subcategory
walmart,/Artículos para el hogar/Artículos de temporada/Colgantes Navidad/,Hogar y cocina,Decoración,Decoración de temporada,subcategory
walmart,/Artículos para el hogar/Artículos de temporada/Decoración Halloween/,Hogar y cocina,Decoración,Decoración de temporada,subcategory
walmart,"/Artículos para el hogar/Artículos de temporada/Disfraces, máscaras y sombreros/","Papelería, oficina y fiestas",Fiestas y regalos,Artículos para fiesta y envolturas,subcategory
walmart,/Artículos para el hogar/Artículos de temporada/Esferas Navidad/,Hogar y cocina,Decoración,Decoración de temporada,subcategory
walmart,/Artículos para el hogar/Artículos de temporada/Harvest/,Hogar y cocina,Decoración,Decoración de temporada,subcategory
walmart,/Artículos para el hogar/Artículos de temporada/Inflables Navidad/,Hogar y cocina,Decoración,Decoración de temporada,subcategory
walmart,/Artículos para el hogar/Artículos de temporada/Luces Navidad/,Hogar y cocina,Decoración,Decoración de temporada,subcategory
walmart,/Artículos para el hogar/Artículos de temporada/Peluches Navidad/,Hogar y cocina,Decoración,Decoración de temporada,subcategory
walmart,/Artículos para el hogar/Artículos de temporada/Árboles Navidad/,Hogar y cocina,Decoración,Decoración de temporada,subcategory
walmart,/Artículos para el hogar/Colchones y Blancos/Almohadas y cojines/,Hogar y cocina,Blancos,Almohadas y colchones,subcategory
walmart,/Artículos para el hogar/Colchones y Blancos/Cobijas y Frazadas/,Hogar y cocina,Blancos,"Sábanas, edredones y cobijas",subcategory
walmart,/Artículos para el hogar/Colchones y Blancos/Colchas y Edredones/,Hogar y cocina,Blancos,"Sábanas, edredones y cobijas",subcategory
walmart,/Artículos para el hogar/Colchones y Blancos/Colchones/,Hogar y cocina,Blancos,Almohadas y colchones,subcategory
walmart,/Artículos para el hogar/Colchones y Blancos/Protectores y Sábanas/,Hogar y cocina,Blancos,"Sábanas, edredones y cobijas",subcategory
walmart,/Artículos para el hogar/Colchones y Blancos/Toallas/,Hogar y cocina,Blancos,Toallas,subcategory
walmart,/Artículos para el hogar/Comedores y Muebles de Cocina/Comedores/,Hogar y cocina,Muebles,Muebles,subcategory
walmart,"/Artículos para el hogar/Comedores y Muebles de Cocina/Gabinetes, Alacenas Y Estantes/",Hogar y cocina,Muebles,Muebles,subcategory
walmart,/Artículos para el hogar/Decoración y Muebles/Accesorios para baño/,Hogar y cocina,Decoración,Decoración del hogar,subcategory
walmart,/Artículos para el hogar/Decoración y Muebles/Cojines decorativos/,Hogar y cocina,Decoración,Decoración del hogar,subcategory
walmart,/Artículos para el hogar/Decoración y Muebles/Cortinas y Persianas/,Hogar y cocina,Decoración,Decoración del hogar,subcategory
walmart,/Artículos para el hogar/Decoración y Muebles/Decoración del Hogar/,Hogar y cocina,Decoración,Decoración del hogar,subcategory
walmart,/Artículos para el hogar/Decoración y Muebles/Espejos/,Hogar y cocina,Decoración,Decoración del hogar,subcategory
walmart,/Artículos para el hogar/Decoración y Muebles/Habitación/,Hogar y cocina,Decoración,Decoración del hogar,subcategory
walmart,/Artículos para el hogar/Decoración y Muebles/Mesas y Espejos/,Hogar y cocina,Decoración,Decoración del hogar,subcategory
walmart,/Artículos para el hogar/Decoración y Muebles/Muebles para Bar/,Hogar y cocina,Decoración,Decoración del hogar,subcategory
walmart,/Artículos para el hogar/Decoración y Muebles/Muebles para Niños/,Hogar y cocina,Decoración,Decoración del hogar,subcategory
walmart,/Artículos para el hogar/Decoración y Muebles/Portaretratos/,Hogar y cocina,Decoración,Decoración del hogar,subcategory
walmart,"/Artículos para el hogar/Decoración y Muebles/Silla, Sillones y Bancos/",Hogar y cocina,Decoración,Decoración del hogar,subcategory
walmart,/Artículos para el hogar/Decoración y Muebles/Tapetes/,Hogar y cocina,Decoración,Decoración del hogar,subcategory
walmart,/Artículos para el hogar/Decoración y Muebles/Velas y aromaterapia/,Hogar y cocina,Decoración,Decoración del hogar,subcategory
walmart,/Artículos para el hogar/Escritorios y Muebles de Oficina/Escritorios/,Hogar y cocina,Muebles,Muebles,subcategory
walmart,/Artículos para el hogar/Escritorios y Muebles de Oficina/Silla Secretarial/,Hogar y cocina,Muebles,Muebles,subcategory
walmart,/Artículos para el hogar/Escritorios y Muebles de Oficina/Sillas de Oficina/,Hogar y cocina,Muebles,Muebles,subcategory
walmart,/Artículos para el hogar/Ferretería/Accesorios para electricidad/,Ferretería y autos,Ferretería,Electricidad e iluminación,subcategory
walmart,/Artículos para el hogar/Ferretería/Baño y Plomería/,Ferretería y autos,Ferretería,"Plomería, pegamentos y selladores",subcategory
walmart,/Artículos para el hogar/Ferretería/Candados y Cerraduras/,Ferretería y autos,Ferretería,Herramientas,subcategory
walmart,/Artículos para el hogar/Ferretería/Extensiones y contactos/,Ferretería y autos,Ferretería,Electricidad e iluminación,subcategory
walmart,"/Artículos para el hogar/Ferretería/Focos, Lámparas e Iluminación/",Ferretería y autos,Ferretería,Electricidad e iluminación,subcategory
walmart,/Artículos para el hogar/Ferretería/Herramientas Eléctricas/,Ferretería y autos,Ferretería,Herramientas,subcategory
walmart,/Artículos para el hogar/Ferretería/Herramientas Manuales/,Ferretería y autos,Ferretería,Herramientas,subcategory
walmart,/Artículos para el hogar/Ferretería/Impermeabilizantes y silicones/,Ferretería y autos,Ferretería,"Plomería, pegamentos y selladores",subcategory
walmart,/Artículos para el hogar/Ferretería/Pegamentos/,Ferretería y autos,Ferretería,"Plomería, pegamentos y selladores",subcategory
walmart,/Artículos para el hogar/Ferretería/Pilas y baterías/,Ferretería y autos,Ferretería,Pilas y baterías,subcategory
walmart,/Artículos para el hogar/Jardinería y Exteriores/,Hogar y cocina,Jardín y exteriores,,category
walmart,/Artículos para el hogar/Jardinería y Exteriores/Artículos de Jardinería/,Hogar y cocina,Jardín y exteriores,Jardinería,subcategory
walmart,/Artículos para el hogar/Jardinería y Exteriores/Encendedores/,Hogar y cocina,Jardín y exteriores,"Muebles, parrillas y exteriores",subcategory
walmart,/Artículos para el hogar/Jardinería y Exteriores/Hieleras/,Hogar y cocina,Jardín y exteriores,"Muebles, parrillas y exteriores",subcategory
walmart,/Artículos para el hogar/Jardinería y Exteriores/Macetas/,Hogar y cocina,Jardín y exteriores,Jardinería,subcategory
walmart,/Artículos para el hogar/Jardinería y Exteriores/Muebles de Jardín/,Hogar y cocina,Jardín y exteriores,"Muebles, parrillas y exteriores",subcategory
walmart,/Artículos para el hogar/Jardinería y Exteriores/Parrillas/,Hogar y cocina,Jardín y exteriores,"Muebles, parrillas y exteriores",subcategory
walmart,"/Artículos para el hogar/Jardinería y Exteriores/Sombrillas ,Paraguas y Capas/","Ropa, calzado y accesorios",Accesorios y equipaje,Accesorios y equipaje,subcategory
walmart,/Artículos para el hogar/Jardinería y Exteriores/Terraza/,Hogar y cocina,Jardín y exteriores,"Muebles, parrillas y exteriores",subcategory
walmart,/Artículos para el hogar/Jardinería y Exteriores/Utensilios para asar/,Hogar y cocina,Jardín y exteriores,"Muebles, parrillas y exteriores",subcategory
walmart,/Artículos para el hogar/Libros y Revistas/Libros Infantiles y Juveniles/,"Papelería, oficina y fiestas",Libros y entretenimiento,"Libros, música y películas",subcategory
walmart,/Artículos para el hogar/Organización y Almacenamiento/Accesorios Lavanderia/,Hogar y cocina,Organización y lavandería,Organización y almacenamiento,subcategory
walmart,/Artículos para el hogar/Organización y Almacenamiento/Cajas y Contenedores/,Hogar y cocina,Organización y lavandería,Organización y almacenamiento,subcategory
walmart,/Artículos para el hogar/Organización y Almacenamiento/Canastas y Basureros/,Hogar y cocina,Organización y lavandería,Organización y almacenamiento,subcategory
walmart,/Artículos para el hogar/Organización y Almacenamiento/Closets y Gabinetes/,Hogar y cocina,Organización y lavandería,Organización y almacenamiento,subcategory
walmart,/Artículos para el hogar/Organización y Almacenamiento/Equipaje y Accesorios/,Hogar y cocina,Organización y lavandería,Organización y almacenamiento,subcategory
walmart,/Artículos para el hogar/Organización y Almacenamiento/Estantes/,Hogar y cocina,Organización y lavandería,Organización y almacenamiento,subcategory
walmart,/Artículos para el hogar/Organización y Almacenamiento/Ganchos para Ropa/,Hogar y cocina,Organización y lavandería,Organización y almacenamiento,subcategory
walmart,"/Artículos para el hogar/Organización y Almacenamiento/Serchas,Tabla Planchar y Cobertores/",Hogar y cocina,Organización y lavandería,Organización y almacenamiento,subcategory
walmart,/Artículos para el hogar/Organización y Almacenamiento/Zapateras/,Hogar y cocina,Organización y lavandería,Organización y almacenamiento,subcategory
walmart,/Artículos para el hogar/Papelería/Agendas y calendarios/,"Papelería, oficina y fiestas",Papelería y oficina,Útiles escolares y de oficina,subcategory
walmart,/Artículos para el hogar/Papelería/Calculadoras y oficina/,"Papelería, oficina y fiestas",Papelería y oficina,Útiles escolares y de oficina,subcategory
walmart,"/Artículos para el hogar/Papelería/Colores, crayolas y plumas/","Papelería, oficina y fiestas",Papelería y oficina,Útiles escolares y de oficina,subcategory
walmart,/Artículos para el hogar/Papelería/Compas y Flautas/,"Papelería, oficina y fiestas",Papelería y oficina,Útiles escolares y de oficina,subcategory
walmart,/Artículos para el hogar/Papelería/Cuadernos y carpetas/,"Papelería, oficina y fiestas",Papelería y oficina,Útiles escolares y de oficina,subcategory
walmart,"/Artículos para el hogar/Papelería/Folders, sobres y archiveros/","Papelería, oficina y fiestas",Papelería y oficina,Útiles escolares y de oficina,subcategory
walmart,/Artículos para el hogar/Papelería/Gomas y sacapuntas/,"Papelería, oficina y fiestas",Papelería y oficina,Útiles escolares y de oficina,subcategory
walmart,/Artículos para el hogar/Papelería/Lapiceros y correctores/,"Papelería, oficina y fiestas",Papelería y oficina,Útiles escolares y de oficina,subcategory
walmart,/Artículos para el hogar/Papelería/Lápices y lapiceros/,"Papelería, oficina y fiestas",Papelería y oficina,Útiles escolares y de oficina,subcategory
walmart,/Artículos para el hogar/Papelería/Marcadores y resaltadores/,"Papelería, oficina y fiestas",Papelería y oficina,Útiles escolares y de oficina,subcategory
walmart,/Artículos para el hogar/Papelería/Material para manualidades/,"Papelería, oficina y fiestas",Papelería y oficina,Útiles escolares y de oficina,subcategory
walmart,/Artículos para el hogar/Papelería/Mochilas/,"Papelería, oficina y fiestas",Papelería y oficina,Mochilas,subcategory
walmart,/Artículos para el hogar/Papelería/Organizadores de lápices/,"Papelería, oficina y fiestas",Papelería y oficina,Útiles escolares y de oficina,subcategory
walmart,/Artículos para el hogar/Papelería/Papel y forros/,"Papelería, oficina y fiestas",Papelería y oficina,Útiles escolares y de oficina,subcategory
walmart,/Artículos para el hogar/Papelería/Pizarras y marcadores de pizarra/,"Papelería, oficina y fiestas",Papelería y oficina,Útiles escolares y de oficina,subcategory
walmart,/Artículos para el hogar/Papelería/Reglas y juegos de geometría/,"Papelería, oficina y fiestas",Papelería y oficina,Útiles escolares y de oficina,subcategory
walmart,"/Artículos para el hogar/Papelería/Tijeras, cintas y pegamentos/","Papelería, oficina y fiestas",Papelería y oficina,Útiles escolares y de oficina,subcategory
walmart,/Artículos para el hogar/Pintura/Accesorios para pintar/,Ferretería y autos,Ferretería,Pintura,subcategory
walmart,/Artículos para el hogar/Pintura/Pinturas y Aerosoles/,Ferretería y autos,Ferretería,Pintura,subcategory
walmart,/Artículos para el hogar/Salas y Centro de entretenimiento/Salas/,Hogar y cocina,Muebles,Muebles,subcategory
walmart,/Autos/Accesorios para auto/,Ferretería y autos,Autos y motos,Limpieza y accesorios para auto,subcategory
walmart,/Autos/Aceite para Auto/,Ferretería y autos,Autos y motos,Aceites y lubricantes,subcategory
walmart,/Autos/Baterías para auto/,Ferretería y autos,Autos y motos,Baterías para auto,subcategory
walmart,/Autos/Limpieza y Exteriores para Auto/,Ferretería y autos,Autos y motos,Limpieza y accesorios para auto,subcategory
walmart,/Autos/Llantas/,Ferretería y autos,Autos y motos,Llantas,subcategory
walmart,/Autos/Motos/,Ferretería y autos,Autos y motos,Motos,subcategory
walmart,/Bebes y Niños/Artículos para fiesta/Envolturas para regalo/,"Papelería, oficina y fiestas",Fiestas y regalos,Artículos para fiesta y envolturas,subcategory
walmart,/Bebes y Niños/Baño y cuidado del bebé/Accesorios para baño de Bebes/,Bebé,Baño y cuidado del bebé,Baño y cuidado del bebé,subcategory
walmart,"/Bebes y Niños/Baño y cuidado del bebé/Crema, gel y loción para bebé/",Bebé,Baño y cuidado del bebé,Baño y cuidado del bebé,subcategory
walmart,/Bebes y Niños/Baño y cuidado del bebé/Shampoo y jabón para bebé/,Bebé,Baño y cuidado del bebé,Baño y cuidado del bebé,subcategory
walmart,/Bebes y Niños/Baño y cuidado del bebé/Talco y aceite para bebé/,Bebé,Baño y cuidado del bebé,Baño y cuidado del bebé,subcategory
walmart,/Bebes y Niños/Comida para bebé y lactancia/Accesorios de lactancia/,Bebé,Alimentación del bebé,Biberones y lactancia,subcategory
walmart,/Bebes y Niños/Comida para bebé y lactancia/Biberones y tetinas/,Bebé,Alimentación del bebé,Biberones y lactancia,subcategory
walmart,/Bebes y Niños/Comida para bebé y lactancia/Cereales y galletas para bebé/,Bebé,Alimentación del bebé,"Colados, cereales y galletas infantiles",subcategory
walmart,/Bebes y Niños/Comida para bebé y lactancia/Colados 2da etapa/,Bebé,Alimentación del bebé,"Colados, cereales y galletas infantiles",subcategory
walmart,/Bebes y Niños/Comida para bebé y lactancia/Colados 3ra etapa/,Bebé,Alimentación del bebé,"Colados, cereales y galletas infantiles",subcategory
walmart,/Bebes y Niños/Comida para bebé y lactancia/Colados 4ta etapa y junior/,Bebé,Alimentación del bebé,"Colados, cereales y galletas infantiles",subcategory
walmart,/Bebes y Niños/Comida para bebé y lactancia/Fórmulas lácteas/,Bebé,Alimentación del bebé,Fórmulas y leches infantiles,subcategory
walmart,"/Bebes y Niños/Comida para bebé y lactancia/Platos, vasos y cubiertos para niños/",Bebé,Alimentación del bebé,Biberones y lactancia,subcategory
walmart,"/Bebes y Niños/Cunas, coches y accesorios/Accesorios Para Bebes/",Bebé,"Accesorios, coches y cunas","Accesorios, coches y cunas",subcategory
walmart,"/Bebes y Niños/Cunas, coches y accesorios/Coches, asientos de auto y canguros/",Bebé,"Accesorios, coches y cunas","Accesorios, coches y cunas",subcategory
walmart,"/Bebes y Niños/Cunas, coches y accesorios/Cunas y encierros/",Bebé,"Accesorios, coches y cunas","Accesorios, coches y cunas",subcategory
walmart,/Bebes y Niños/Juguetes para bebe y estimulación temprana/Juguetes para bebes/,Juguetes,Juguetes,Bebé y preescolar,subcategory
walmart,/Bebes y Niños/Pañales/Pañales - Etapa 2/,Bebé,Pañales y toallitas,Pañales,subcategory
walmart,/Bebes y Niños/Pañales/Pañales - Etapa 3/,Bebé,Pañales y toallitas,Pañales,subcategory
walmart,/Bebes y Niños/Pañales/Pañales - Etapa 4/,Bebé,Pañales y toallitas,Pañales,subcategory
walmart,/Bebes y Niños/Pañales/Pañales - Etapa 5/,Bebé,Pañales y toallitas,Pañales,subcategory
walmart,/Bebes y Niños/Pañales/Pañales - Etapa 6/,Bebé,Pañales y toallitas,Pañales,subcategory
walmart,/Bebes y Niños/Pañales/Pañales - Etapa 7/,Bebé,Pañales y toallitas,Pañales,subcategory
walmart,/Bebes y Niños/Pañales/Pañales Recién Nacido y Etapa 1/,Bebé,Pañales y toallitas,Pañales,subcategory
walmart,/Bebes y Niños/Toallitas Húmedas/,Bebé,Pañales y toallitas,Toallitas húmedas,subcategory
walmart,"/Carnes, Embutidos y Mariscos/Cerdo/Chuletas y costilla/",Alimentos,"Carnes, aves y mariscos",Cerdo,subcategory
walmart,"/Carnes, Embutidos y Mariscos/Cerdo/Filete y Marinados de Cerdo/",Alimentos,"Carnes, aves y mariscos",Cerdo,subcategory
walmart,"/Carnes, Embutidos y Mariscos/Cerdo/Postas, Lomos y Molida de Cerdo/",Alimentos,"Carnes, aves y mariscos",Cerdo,subcategory
walmart,"/Carnes, Embutidos y Mariscos/Embutidos y Carnes Frías/Chorizo/",Alimentos,"Carnes, aves y mariscos",Embutidos y carnes frías,subcategory
walmart,"/Carnes, Embutidos y Mariscos/Embutidos y Carnes Frías/Especialidades y Otros/",Alimentos,"Carnes, aves y mariscos",Embutidos y carnes frías,subcategory
walmart,"/Carnes, Embutidos y Mariscos/Embutidos y Carnes Frías/Jamón y Mortadela/",Alimentos,"Carnes, aves y mariscos",Embutidos y carnes frías,subcategory
walmart,"/Carnes, Embutidos y Mariscos/Embutidos y Carnes Frías/Salchichas y Salchichón/",Alimentos,"Carnes, aves y mariscos",Embutidos y carnes frías,subcategory
walmart,"/Carnes, Embutidos y Mariscos/Embutidos y Carnes Frías/Tocino/",Alimentos,"Carnes, aves y mariscos",Embutidos y carnes frías,subcategory
walmart,"/Carnes, Embutidos y Mariscos/Mariscos y Pescados/Camarones y mariscos/",Alimentos,"Carnes, aves y mariscos",Pescados y mariscos,subcategory
walmart,"/Carnes, Embutidos y Mariscos/Mariscos y Pescados/Filetes de Pescado/",Alimentos,"Carnes, aves y mariscos",Pescados y mariscos,subcategory
walmart,"/Carnes, Embutidos y Mariscos/Mariscos y Pescados/Pescado Entero/",Alimentos,"Carnes, aves y mariscos",Pescados y mariscos,subcategory
walmart,"/Carnes, Embutidos y Mariscos/Pollo y Pavo/Alas, piernas y muslos/",Alimentos,"Carnes, aves y mariscos",Pollo y pavo,subcategory
walmart,"/Carnes, Embutidos y Mariscos/Pollo y Pavo/Filete, molida y marinados de pollo/",Alimentos,"Carnes, aves y mariscos",Pollo y pavo,subcategory
walmart,"/Carnes, Embutidos y Mariscos/Pollo y Pavo/Pechuga/",Alimentos,"Carnes, aves y mariscos",Pollo y pavo,subcategory
walmart,"/Carnes, Embutidos y Mariscos/Pollo y Pavo/Pollo entero, medio y pavo/",Alimentos,"Carnes, aves y mariscos",Pollo y pavo,subcategory
walmart,"/Carnes, Embutidos y Mariscos/Pollo y Pavo/Vísceras y Menudos/",Alimentos,"Carnes, aves y mariscos",Pollo y pavo,subcategory
walmart,"/Carnes, Embutidos y Mariscos/Res/Cortes con Hueso/",Alimentos,"Carnes, aves y mariscos",Res,subcategory
walmart,"/Carnes, Embutidos y Mariscos/Res/Cortes y Parrilla/",Alimentos,"Carnes, aves y mariscos",Res,subcategory
walmart,"/Carnes, Embutidos y Mariscos/Res/Filete y Marinados de Res/",Alimentos,"Carnes, aves y mariscos",Res,subcategory
walmart,"/Carnes, Embutidos y Mariscos/Res/Guisar y vísceras/",Alimentos,"Carnes, aves y mariscos",Res,subcategory
walmart,"/Carnes, Embutidos y Mariscos/Res/Molidas/",Alimentos,"Carnes, aves y mariscos",Res,subcategory
walmart,"/Cervezas, Vinos y Licores/Cervezas/Artesanales e Importadas/",Bebidas y tabaco,Bebidas alcohólicas,Cerveza,subcategory
walmart,"/Cervezas, Vinos y Licores/Cigarros/",Bebidas y tabaco,Tabaco,Cigarrillos,subcategory
walmart,"/Cervezas, Vinos y Licores/Cigarros/Cigarros/",Bebidas y tabaco,Tabaco,Cigarrillos,subcategory
walmart,"/Cervezas, Vinos y Licores/Licores/Brandy/",Bebidas y tabaco,Bebidas alcohólicas,Licores,subcategory
walmart,"/Cervezas, Vinos y Licores/Licores/Ginebra/",Bebidas y tabaco,Bebidas alcohólicas,Licores,subcategory
walmart,"/Cervezas, Vinos y Licores/Licores/Ron/",Bebidas y tabaco,Bebidas alcohólicas,Licores,subcategory
walmart,"/Cervezas, Vinos y Licores/Licores/Tequila/",Bebidas y tabaco,Bebidas alcohólicas,Licores,subcategory
walmart,"/Cervezas, Vinos y Licores/Licores/Vodka/",Bebidas y tabaco,Bebidas alcohólicas,Licores,subcategory
walmart,"/Cervezas, Vinos y Licores/Licores/Whisky/",Bebidas y tabaco,Bebidas alcohólicas,Licores,subcategory
walmart,"/Cervezas, Vinos y Licores/Vinos/Champagne y Espumoso/",Bebidas y tabaco,Bebidas alcohólicas,Vinos,subcategory
walmart,"/Cervezas, Vinos y Licores/Vinos/Sidras/",Bebidas y tabaco,Bebidas alcohólicas,Vinos,subcategory
walmart,"/Cervezas, Vinos y Licores/Vinos/Vino Blanco/",Bebidas y tabaco,Bebidas alcohólicas,Vinos,subcategory
walmart,"/Cervezas, Vinos y Licores/Vinos/Vino Rosado/",Bebidas y tabaco,Bebidas alcohólicas,Vinos,subcategory
walmart,"/Cervezas, Vinos y Licores/Vinos/Vino Tinto/",Bebidas y tabaco,Bebidas alcohólicas,Vinos,subcategory
walmart,/Deportes/Artículos deportivos/Accesorios deportivos/,Deportes y aire libre,Deportes,Artículos deportivos,subcategory
walmart,/Deportes/Artículos deportivos/Album Mundial/,"Papelería, oficina y fiestas",Libros y entretenimiento,"Libros, música y películas",subcategory
walmart,/Deportes/Artículos deportivos/Balones y Entrenamiento/,Deportes y aire libre,Deportes,Artículos deportivos,subcategory
walmart,/Deportes/Artículos deportivos/Entrenamiento Físico/,Deportes y aire libre,Deportes,Fitness y ejercicio,subcategory
walmart,/Deportes/Artículos deportivos/Natación/,Deportes y aire libre,Deportes,Artículos deportivos,subcategory
walmart,/Deportes/Artículos deportivos/Patines/,Deportes y aire libre,Deportes,"Bicicletas, scooters y patines",subcategory
walmart,"/Deportes/Artículos deportivos/Tenis, Squash y Boxeo/",Deportes y aire libre,Deportes,Artículos deportivos,subcategory
walmart,/Deportes/Campismo/,Deportes y aire libre,Aire libre,Campismo,subcategory
walmart,/Deportes/Fitness/Accesorios fitness/,Deportes y aire libre,Deportes,Fitness y ejercicio,subcategory
walmart,/Deportes/Fitness/Pesas y Mancuernas/,Deportes y aire libre,Deportes,Fitness y ejercicio,subcategory
walmart,"/Deportes/Montables, bicicletas y scooters/Bicicletas adultos/",Deportes y aire libre,Deportes,"Bicicletas, scooters y patines",subcategory
walmart,"/Deportes/Montables, bicicletas y scooters/Bicicletas niños/",Deportes y aire libre,Deportes,"Bicicletas, scooters y patines",subcategory
walmart,/Deportes/Natación/,Deportes y aire libre,Deportes,Natación y piscinas,subcategory
walmart,/Electrónica/Audio/Accesorios de Audio/,Electrónica y electrodomésticos,Electrónica,Audio,subcategory
walmart,/Electrónica/Audio/Audífonos/,Electrónica y electrodomésticos,Electrónica,Audio,subcategory
walmart,/Electrónica/Audio/Barras de Sonido y Teatro en Casa/,Electrónica y electrodomésticos,Electrónica,Audio,subcategory
walmart,/Electrónica/Audio/Sistemas de Audio/,Electrónica y electrodomésticos,Electrónica,Audio,subcategory
walmart,/Electrónica/Celulares/,Electrónica y electrodomésticos,Electrónica,Celulares y accesorios,subcategory
walmart,/Electrónica/Celulares/APPLE/,Electrónica y electrodomésticos,Electrónica,Celulares y accesorios,subcategory
walmart,/Electrónica/Celulares/HONOR/,Electrónica y electrodomésticos,Electrónica,Celulares y accesorios,subcategory
walmart,/Electrónica/Celulares/MOTOROLA/,Electrónica y electrodomésticos,Electrónica,Celulares y accesorios,subcategory
walmart,/Electrónica/Celulares/SAMSUNG/,Electrónica y electrodomésticos,Electrónica,Celulares y accesorios,subcategory
walmart,/Electrónica/Celulares/XIAOMI/,Electrónica y electrodomésticos,Electrónica,Celulares y accesorios,subcategory
walmart,/Electrónica/Computación/Accesorios de Computación/,Electrónica y electrodomésticos,Electrónica,Computación y tablets,subcategory
walmart,/Electrónica/Computación/IPad y Tablet/,Electrónica y electrodomésticos,Electrónica,Computación y tablets,subcategory
walmart,"/Electrónica/Computación/Impresoras, Multifuncionales y Scanners/",Electrónica y electrodomésticos,Electrónica,Computación y tablets,subcategory
walmart,/Electrónica/Computación/Laptops/,Electrónica y electrodomésticos,Electrónica,Computación y tablets,subcategory
walmart,/Electrónica/Electrodomésticos/Aires Acondicionados y Ventiladores/,Electrónica y electrodomésticos,Electrodomésticos,Pequeños electrodomésticos,subcategory
walmart,/Electrónica/Electrodomésticos/Aspiradoras/,Electrónica y electrodomésticos,Electrodomésticos,Pequeños electrodomésticos,subcategory
walmart,/Electrónica/Electrodomésticos/Cafeteras y Jarras Eléctricas/,Electrónica y electrodomésticos,Electrodomésticos,Pequeños electrodomésticos,subcategory
walmart,/Electrónica/Electrodomésticos/Dispensadores de agua/,Electrónica y electrodomésticos,Electrodomésticos,Pequeños electrodomésticos,subcategory
walmart,/Electrónica/Electrodomésticos/Extractores y Procesadores de alimentos/,Electrónica y electrodomésticos,Electrodomésticos,Pequeños electrodomésticos,subcategory
walmart,/Electrónica/Electrodomésticos/Freidoras y ollas eléctricas/,Electrónica y electrodomésticos,Electrodomésticos,Pequeños electrodomésticos,subcategory
walmart,/Electrónica/Electrodomésticos/Hornos de Microondas y Tostadores/,Electrónica y electrodomésticos,Electrodomésticos,Pequeños electrodomésticos,subcategory
walmart,/Electrónica/Electrodomésticos/Licuadoras y batidoras/,Electrónica y electrodomésticos,Electrodomésticos,Pequeños electrodomésticos,subcategory
walmart,/Electrónica/Electrodomésticos/Maquinas para coser y accesorios/,Electrónica y electrodomésticos,Electrodomésticos,Pequeños electrodomésticos,subcategory
walmart,/Electrónica/Electrodomésticos/Planchas de Vapor/,Electrónica y electrodomésticos,Electrodomésticos,Pequeños electrodomésticos,subcategory
walmart,/Electrónica/Electrodomésticos/Sandwicheras y Wafleras/,Electrónica y electrodomésticos,Electrodomésticos,Pequeños electrodomésticos,subcategory
walmart,/Electrónica/Electrodomésticos/Sartenes Eléctricos/,Electrónica y electrodomésticos,Electrodomésticos,Pequeños electrodomésticos,subcategory
walmart,/Electrónica/Línea Blanca/Cocinas y Hornos/,Electrónica y electrodomésticos,Electrodomésticos,Línea blanca,subcategory
walmart,/Electrónica/Línea Blanca/Lavadoras y Secadoras/,Electrónica y electrodomésticos,Electrodomésticos,Línea blanca,subcategory
walmart,/Electrónica/Línea Blanca/Refrigeradores y Congeladores/,Electrónica y electrodomésticos,Electrodomésticos,Línea blanca,subcategory
walmart,/Electrónica/Televisores/Accesorios para TV/,Electrónica y electrodomésticos,Electrónica,Televisores y accesorios,subcategory
walmart,/Electrónica/Televisores/Pantallas/,Electrónica y electrodomésticos,Electrónica,Televisores y accesorios,subcategory
walmart,/Electrónica/Videojuegos/Accesorios para PC/,Electrónica y electrodomésticos,Electrónica,Videojuegos,subcategory
walmart,/Electrónica/Videojuegos/Otros Juegos y Accesorios/,Electrónica y electrodomésticos,Electrónica,Videojuegos,subcategory
walmart,/Electrónica/Videojuegos/Teclados y Mouse/,Electrónica y electrodomésticos,Electrónica,Videojuegos,subcategory
walmart,/Farmacia/Alergias y Sistema respiratorio/Nebulizadores/,Salud y farmacia,Medicamentos de venta libre,"Gripe, tos y alergias",subcategory
walmart,/Farmacia/Antibióticos y Antiinfecciosos/Antiparasitario/,Salud y farmacia,Medicamentos de venta libre,Antiparasitarios,subcategory
walmart,/Farmacia/Control de diabetes/Suplemento para diabeticos/,Salud y farmacia,Vitaminas y suplementos,Control de diabetes,subcategory
walmart,/Farmacia/Cuidado Ocular y Ótico/Gotas y lubricantes/,Salud y farmacia,Medicamentos de venta libre,Ojos y oídos,subcategory
walmart,/Farmacia/Cuidado de Pies/Cremas y Tratamientos/,Salud y farmacia,Medicamentos de venta libre,Cuidado de pies,subcategory
walmart,/Farmacia/Cuidado de Pies/Desodorante y Antitranspirante para pies/,Salud y farmacia,Medicamentos de venta libre,Cuidado de pies,subcategory
walmart,/Farmacia/Cuidado de Pies/Plantillas/,Salud y farmacia,Medicamentos de venta libre,Cuidado de pies,subcategory
walmart,/Farmacia/Dermatología/Antiacné/,Salud y farmacia,Medicamentos de venta libre,Dermatología,subcategory
walmart,/Farmacia/Dermatología/Antiinfecciosos/,Salud y farmacia,Medicamentos de venta libre,Dermatología,subcategory
walmart,/Farmacia/Dermatología/Cuidado y protección/,Salud y farmacia,Medicamentos de venta libre,Dermatología,subcategory
walmart,/Farmacia/Dolor y Fiebre/Dolor Menstrual/,Salud y farmacia,Medicamentos de venta libre,Dolor y fiebre,subcategory
walmart,/Farmacia/Dolor y Fiebre/Dolor Muscular y Articular/,Salud y farmacia,Medicamentos de venta libre,Dolor y fiebre,subcategory
walmart,/Farmacia/Dolor y Fiebre/Dolor de Cabeza y Migraña/,Salud y farmacia,Medicamentos de venta libre,Dolor y fiebre,subcategory
walmart,/Farmacia/Dolor y Fiebre/Niños/,Salud y farmacia,Medicamentos de venta libre,Dolor y fiebre,subcategory
walmart,"/Farmacia/Gripe, Tos y Resfriado/Descongestionantes/",Salud y farmacia,Medicamentos de venta libre,"Gripe, tos y alergias",subcategory
walmart,"/Farmacia/Gripe, Tos y Resfriado/Jarabes y Expectorantes niños/",Salud y farmacia,Medicamentos de venta libre,"Gripe, tos y alergias",subcategory
walmart,"/Farmacia/Gripe, Tos y Resfriado/Jarabes y Expectorantes/",Salud y farmacia,Medicamentos de venta libre,"Gripe, tos y alergias",subcategory
walmart,"/Farmacia/Gripe, Tos y Resfriado/Pastillas y capsulas niños/",Salud y farmacia,Medicamentos de venta libre,"Gripe, tos y alergias",subcategory
walmart,"/Farmacia/Gripe, Tos y Resfriado/Pastillas y capsulas para la garganta/",Salud y farmacia,Medicamentos de venta libre,"Gripe, tos y alergias",subcategory
walmart,/Farmacia/Nutrición Deportiva/Electrolitos/,Salud y farmacia,Vitaminas y suplementos,Nutrición deportiva,subcategory
walmart,/Farmacia/Nutrición Deportiva/Proteínas y Creatina/,Salud y farmacia,Vitaminas y suplementos,Nutrición deportiva,subcategory
walmart,/Farmacia/Nutrición Deportiva/Suplementos Deportivos/,Salud y farmacia,Vitaminas y suplementos,Nutrición deportiva,subcategory
walmart,/Farmacia/Primeros Auxilios/Alcohol y Antisépticos/,Salud y farmacia,Primeros auxilios,Primeros auxilios,subcategory
walmart,/Farmacia/Primeros Auxilios/Algodón e Hisopos/,Salud y farmacia,Primeros auxilios,Primeros auxilios,subcategory
walmart,/Farmacia/Primeros Auxilios/Botiquines/,Salud y farmacia,Primeros auxilios,Primeros auxilios,subcategory
walmart,/Farmacia/Primeros Auxilios/Curitas y Vendajes/,Salud y farmacia,Primeros auxilios,Primeros auxilios,subcategory
walmart,/Farmacia/Salud Sexual y Reproductiva/Incontinencia urinaria/,Salud y farmacia,Salud sexual e incontinencia,Salud sexual,subcategory
walmart,/Farmacia/Salud Sexual y Reproductiva/Lubricantes Íntimos/,Salud y farmacia,Salud sexual e incontinencia,Salud sexual,subcategory
walmart,/Farmacia/Salud Sexual y Reproductiva/Preservativos/,Salud y farmacia,Salud sexual e incontinencia,Salud sexual,subcategory
walmart,/Farmacia/Sistema Digestivo/Antidiarreicos y Suero Oral/,Salud y farmacia,Medicamentos de venta libre,Sistema digestivo,subcategory
walmart,/Farmacia/Sistema Digestivo/Antiácidos/,Salud y farmacia,Medicamentos de venta libre,Sistema digestivo,subcategory
walmart,/Farmacia/Sistema Digestivo/Laxantes y Fibra/,Salud y farmacia,Medicamentos de venta libre,Sistema digestivo,subcategory
walmart,/Farmacia/Sistema Digestivo/Nauseas y vómito/,Salud y farmacia,Medicamentos de venta libre,Sistema digestivo,subcategory
walmart,/Farmacia/Vitaminas y Suplementos/Antioxidantes/,Salud y farmacia,Vitaminas y suplementos,Suplementos alimenticios,subcategory
walmart,/Farmacia/Vitaminas y Suplementos/Calcio y Minerales/,Salud y farmacia,Vitaminas y suplementos,Vitaminas y minerales,subcategory
walmart,/Farmacia/Vitaminas y Suplementos/Colágeno/,Salud y farmacia,Vitaminas y suplementos,Suplementos alimenticios,subcategory
walmart,/Farmacia/Vitaminas y Suplementos/Complejo B/,Salud y farmacia,Vitaminas y suplementos,Vitaminas y minerales,subcategory
walmart,/Farmacia/Vitaminas y Suplementos/Inmunidad/,Salud y farmacia,Vitaminas y suplementos,Suplementos alimenticios,subcategory
walmart,/Farmacia/Vitaminas y Suplementos/Jarabe de adulto/,Salud y farmacia,Vitaminas y suplementos,Vitaminas y minerales,subcategory
walmart,/Farmacia/Vitaminas y Suplementos/Jarabe niños/,Salud y farmacia,Vitaminas y suplementos,Vitaminas y minerales,subcategory
walmart,/Farmacia/Vitaminas y Suplementos/Memoria/,Salud y farmacia,Vitaminas y suplementos,Suplementos alimenticios,subcategory
walmart,/Farmacia/Vitaminas y Suplementos/Multivitamínicos Adulto/,Salud y farmacia,Vitaminas y suplementos,Vitaminas y minerales,subcategory
walmart,/Farmacia/Vitaminas y Suplementos/Multivitamínicos y Capsulas Niños/,Salud y farmacia,Vitaminas y suplementos,Vitaminas y minerales,subcategory
walmart,/Farmacia/Vitaminas y Suplementos/Omega 3/,Salud y farmacia,Vitaminas y suplementos,Suplementos alimenticios,subcategory
walmart,/Farmacia/Vitaminas y Suplementos/Prenatal/,Salud y farmacia,Vitaminas y suplementos,Vitaminas y minerales,subcategory
walmart,/Farmacia/Vitaminas y Suplementos/Suplemento alimenticio/,Salud y farmacia,Vitaminas y suplementos,Suplementos alimenticios,subcategory
walmart,/Farmacia/Vitaminas y Suplementos/Vitamina A y D/,Salud y farmacia,Vitaminas y suplementos,Vitaminas y minerales,subcategory
walmart,/Farmacia/Vitaminas y Suplementos/Vitamina C/,Salud y farmacia,Vitaminas y suplementos,Vitaminas y minerales,subcategory
walmart,/Farmacia/Vitaminas y Suplementos/Vitamina E/,Salud y farmacia,Vitaminas y suplementos,Vitaminas y minerales,subcategory
walmart,"/Frutas y Verduras/Frutas/Bananos, Papayas y tropicales/",Alimentos,Frutas y verduras,Frutas,subcategory
walmart,/Frutas y Verduras/Frutas/Bananos/,Alimentos,Frutas y verduras,Frutas,subcategory
walmart,/Frutas y Verduras/Frutas/Duraznos y melocotones/,Alimentos,Frutas y verduras,Frutas,subcategory
walmart,/Frutas y Verduras/Frutas/Frambuesas/,Alimentos,Frutas y verduras,Frutas,subcategory
walmart,/Frutas y Verduras/Frutas/Fresas/,Alimentos,Frutas y verduras,Frutas,subcategory
walmart,/Frutas y Verduras/Frutas/Frutas de temporada y exóticas/,Alimentos,Frutas y verduras,Frutas,subcategory
walmart,/Frutas y Verduras/Frutas/Limón y cítricos/,Alimentos,Frutas y verduras,Frutas,subcategory
walmart,/Frutas y Verduras/Frutas/Manzanas/,Alimentos,Frutas y verduras,Frutas,subcategory
walmart,"/Frutas y Verduras/Frutas/Naranja, Limón y cítricos/",Alimentos,Frutas y verduras,Frutas,subcategory
walmart,/Frutas y Verduras/Frutas/Naranjas/,Alimentos,Frutas y verduras,Frutas,subcategory
walmart,/Frutas y Verduras/Frutas/Papayas y tropicales/,Alimentos,Frutas y verduras,Frutas,subcategory
walmart,/Frutas y Verduras/Frutas/Peras/,Alimentos,Frutas y verduras,Frutas,subcategory
walmart,/Frutas y Verduras/Frutas/Uvas/,Alimentos,Frutas y verduras,Frutas,subcategory
walmart,/Frutas y Verduras/Verduras/Acelga/,Alimentos,Frutas y verduras,Verduras,subcategory
walmart,/Frutas y Verduras/Verduras/Aguacates/,Alimentos,Frutas y verduras,Verduras,subcategory
walmart,/Frutas y Verduras/Verduras/Ajos/,Alimentos,Frutas y verduras,Verduras,subcategory
walmart,/Frutas y Verduras/Verduras/Apio/,Alimentos,Frutas y verduras,Verduras,subcategory
walmart,/Frutas y Verduras/Verduras/Berenjena/,Alimentos,Frutas y verduras,Verduras,subcategory
walmart,/Frutas y Verduras/Verduras/Brocoli/Coliflor/,Alimentos,Frutas y verduras,Verduras,subcategory
walmart,"/Frutas y Verduras/Verduras/Cebollas, papas y verduras de raíz/",Alimentos,Frutas y verduras,Verduras,subcategory
walmart,/Frutas y Verduras/Verduras/Cebollas/,Alimentos,Frutas y verduras,Verduras,subcategory
walmart,/Frutas y Verduras/Verduras/Cebollino/,Alimentos,Frutas y verduras,Verduras,subcategory
walmart,/Frutas y Verduras/Verduras/Chayotes/,Alimentos,Frutas y verduras,Verduras,subcategory
walmart,/Frutas y Verduras/Verduras/Chiles/,Alimentos,Frutas y verduras,Verduras,subcategory
walmart,/Frutas y Verduras/Verduras/Culantro-Cilantro/,Alimentos,Frutas y verduras,Verduras,subcategory
walmart,/Frutas y Verduras/Verduras/Elotes/,Alimentos,Frutas y verduras,Verduras,subcategory
walmart,/Frutas y Verduras/Verduras/Ensaladas y empacados/,Alimentos,Frutas y verduras,Verduras,subcategory
walmart,/Frutas y Verduras/Verduras/Esparragos/,Alimentos,Frutas y verduras,Verduras,subcategory
walmart,/Frutas y Verduras/Verduras/Hierba Medicinal-Organico/,Alimentos,Frutas y verduras,Verduras,subcategory
walmart,/Frutas y Verduras/Verduras/Hongos Frescos/,Alimentos,Frutas y verduras,Verduras,subcategory
walmart,"/Frutas y Verduras/Verduras/Hongos, brócolis y espárragos/",Alimentos,Frutas y verduras,Verduras,subcategory
walmart,/Frutas y Verduras/Verduras/Lechuga/,Alimentos,Frutas y verduras,Verduras,subcategory
walmart,"/Frutas y Verduras/Verduras/Lechugas, espinacas y hojas verdes/",Alimentos,Frutas y verduras,Verduras,subcategory
walmart,/Frutas y Verduras/Verduras/Material Empaque Frutas/,Alimentos,Frutas y verduras,Verduras,subcategory
walmart,/Frutas y Verduras/Verduras/Minivegetales/,Alimentos,Frutas y verduras,Verduras,subcategory
walmart,/Frutas y Verduras/Verduras/Papas Enteras/,Alimentos,Frutas y verduras,Verduras,subcategory
walmart,/Frutas y Verduras/Verduras/Pepinos Enteros/,Alimentos,Frutas y verduras,Verduras,subcategory
walmart,/Frutas y Verduras/Verduras/Perejil Fresco/,Alimentos,Frutas y verduras,Verduras,subcategory
walmart,/Frutas y Verduras/Verduras/Rabanos/Rabanitos/,Alimentos,Frutas y verduras,Verduras,subcategory
walmart,/Frutas y Verduras/Verduras/Repollo Verde/Morado/,Alimentos,Frutas y verduras,Verduras,subcategory
walmart,/Frutas y Verduras/Verduras/Tomate Especialidad/,Alimentos,Frutas y verduras,Verduras,subcategory
walmart,/Frutas y Verduras/Verduras/Tomate Rojo/,Alimentos,Frutas y verduras,Verduras,subcategory
walmart,/Frutas y Verduras/Verduras/Tuberculos/,Alimentos,Frutas y verduras,Verduras,subcategory
walmart,/Frutas y Verduras/Verduras/Vainicas enteras/,Alimentos,Frutas y verduras,Verduras,subcategory
walmart,/Frutas y Verduras/Verduras/Vegetales Procesados Mix/,Alimentos,Frutas y verduras,Verduras,subcategory
walmart,/Frutas y Verduras/Verduras/Zanahoria/,Alimentos,Frutas y verduras,Verduras,subcategory
walmart,/Frutas y Verduras/Verduras/Zapallo Entero/Partido/,Alimentos,Frutas y verduras,Verduras,subcategory
walmart,/Higiene y Belleza/Accesorios y básicos/Kits de viaje/,Cuidado personal y belleza,Básicos de higiene,Kits de viaje,subcategory
walmart,/Higiene y Belleza/Accesorios y básicos/Pañuelos desechables/,Cuidado personal y belleza,Básicos de higiene,"Algodón, hisopos y pañuelos",subcategory
walmart,/Higiene y Belleza/Afeitado/Cuidado del Hombre/,Cuidado personal y belleza,Afeitado y depilación,Afeitado y depilación,subcategory
walmart,/Higiene y Belleza/Cosméticos/Accesorios cosméticos/,Cuidado personal y belleza,Maquillaje y uñas,Maquillaje,subcategory
walmart,/Higiene y Belleza/Cosméticos/Delineador de ojos y cejas/,Cuidado personal y belleza,Maquillaje y uñas,Maquillaje,subcategory
walmart,/Higiene y Belleza/Cosméticos/Esmaltes y manicure/,Cuidado personal y belleza,Maquillaje y uñas,Maquillaje,subcategory
walmart,/Higiene y Belleza/Cosméticos/Labiales y brillos/,Cuidado personal y belleza,Maquillaje y uñas,Maquillaje,subcategory
walmart,/Higiene y Belleza/Cosméticos/Polvos compactos/,Cuidado personal y belleza,Maquillaje y uñas,Maquillaje,subcategory
walmart,/Higiene y Belleza/Cosméticos/Rubores y Bronceadores/,Cuidado personal y belleza,Maquillaje y uñas,Maquillaje,subcategory
walmart,/Higiene y Belleza/Cosméticos/Sombra ojos/,Cuidado personal y belleza,Maquillaje y uñas,Maquillaje,subcategory
walmart,/Higiene y Belleza/Cuidado Bucal/Cepillo dental/,Cuidado personal y belleza,Higiene bucal,Cepillos dentales,subcategory
walmart,/Higiene y Belleza/Cuidado Bucal/Enjuague bucal/,Cuidado personal y belleza,Higiene bucal,Enjuague e hilo dental,subcategory
walmart,/Higiene y Belleza/Cuidado Bucal/Higiene bucal para niños/,Cuidado personal y belleza,Higiene bucal,Pasta dental,subcategory
walmart,/Higiene y Belleza/Cuidado Bucal/Hilo dental y artículos especializados/,Cuidado personal y belleza,Higiene bucal,Enjuague e hilo dental,subcategory
walmart,/Higiene y Belleza/Cuidado Bucal/Pasta dental/,Cuidado personal y belleza,Higiene bucal,Pasta dental,subcategory
walmart,/Higiene y Belleza/Cuidado Corporal/Accesorios para ducha/,Cuidado personal y belleza,Higiene corporal,Accesorios de baño,subcategory
walmart,/Higiene y Belleza/Cuidado Corporal/Bloqueadores y bronceadores/,Cuidado personal y belleza,Higiene corporal,Protector solar,subcategory
walmart,/Higiene y Belleza/Cuidado Corporal/Cremas corporales/,Cuidado personal y belleza,Higiene corporal,Cremas y lociones corporales,subcategory
walmart,/Higiene y Belleza/Cuidado Corporal/Depilación y Afeitado/,Cuidado personal y belleza,Afeitado y depilación,Afeitado y depilación,subcategory
walmart,/Higiene y Belleza/Cuidado Corporal/Desodorantes/,Cuidado personal y belleza,Higiene corporal,Desodorantes,subcategory
walmart,/Higiene y Belleza/Cuidado Corporal/Fragancias/,Cuidado personal y belleza,Higiene corporal,Fragancias,subcategory
walmart,/Higiene y Belleza/Cuidado Corporal/Jabón y gel corporal/,Cuidado personal y belleza,Higiene corporal,Jabones y geles de baño,subcategory
walmart,/Higiene y Belleza/Cuidado Corporal/Tratamientos corporales/,Cuidado personal y belleza,Higiene corporal,Cremas y lociones corporales,subcategory
walmart,/Higiene y Belleza/Cuidado Facial/Accesorios faciales/,Cuidado personal y belleza,Cuidado facial,Cremas y tratamientos faciales,subcategory
walmart,/Higiene y Belleza/Cuidado Facial/Crema facial/,Cuidado personal y belleza,Cuidado facial,Cremas y tratamientos faciales,subcategory
walmart,/Higiene y Belleza/Cuidado Facial/Desmaquillante y agua micelar/,Cuidado personal y belleza,Cuidado facial,Limpieza y desmaquillantes,subcategory
walmart,/Higiene y Belleza/Cuidado Facial/Tratamientos faciales/,Cuidado personal y belleza,Cuidado facial,Cremas y tratamientos faciales,subcategory
walmart,/Higiene y Belleza/Cuidado del cabello/Acondicionador/,Cuidado personal y belleza,Cuidado del cabello,Acondicionadores y tratamientos,subcategory
walmart,"/Higiene y Belleza/Cuidado del cabello/Cepillos, Planchas y Accesorios/",Cuidado personal y belleza,Cuidado del cabello,Cepillos y accesorios para cabello,subcategory
walmart,/Higiene y Belleza/Cuidado del cabello/Crema para peinar/,Cuidado personal y belleza,Cuidado del cabello,"Cremas, geles y fijadores",subcategory
walmart,"/Higiene y Belleza/Cuidado del cabello/Gel, mousse y spray/",Cuidado personal y belleza,Cuidado del cabello,"Cremas, geles y fijadores",subcategory
walmart,/Higiene y Belleza/Cuidado del cabello/Shampoo Infantil/,Cuidado personal y belleza,Cuidado del cabello,,category
walmart,/Higiene y Belleza/Cuidado del cabello/Shampoo/,Cuidado personal y belleza,Cuidado del cabello,Shampoo,subcategory
walmart,/Higiene y Belleza/Cuidado del cabello/Tinte de cabello/,Cuidado personal y belleza,Cuidado del cabello,Tintes,subcategory
walmart,/Higiene y Belleza/Cuidado del cabello/Tratamiento capilar/,Cuidado personal y belleza,Cuidado del cabello,Acondicionadores y tratamientos,subcategory
walmart,/Higiene y Belleza/Cuidado Íntimo/Tampones y copas menstruales/,Cuidado personal y belleza,Higiene femenina e íntima,"Toallas, protectores y tampones",subcategory
walmart,/Higiene y Belleza/Cuidado Íntimo/Toallas íntimas/,Cuidado personal y belleza,Higiene femenina e íntima,"Toallas, protectores y tampones",subcategory
walmart,/Higiene y Belleza/Kits de viaje/,Cuidado personal y belleza,Básicos de higiene,Kits de viaje,subcategory
walmart,/Jugos y Bebidas/Agua/Agua Natural/,Bebidas y tabaco,Bebidas sin alcohol,Agua,subcategory
walmart,/Jugos y Bebidas/Agua/Agua Saborizada/,Bebidas y tabaco,Bebidas sin alcohol,Agua,subcategory
walmart,/Jugos y Bebidas/Café y Te preparado/Café listo para beber/,Bebidas y tabaco,Bebidas sin alcohol,Café y té listos para beber,subcategory
walmart,/Jugos y Bebidas/Café y Te preparado/Te listo para beber/,Bebidas y tabaco,Bebidas sin alcohol,Café y té listos para beber,subcategory
walmart,/Jugos y Bebidas/Energizantes e Hidratantes/Energizante/,Bebidas y tabaco,Bebidas sin alcohol,Energizantes e hidratantes,subcategory
walmart,/Jugos y Bebidas/Energizantes e Hidratantes/Hidratante/,Bebidas y tabaco,Bebidas sin alcohol,Energizantes e hidratantes,subcategory
walmart,/Jugos y Bebidas/Gaseosas/Light y Sin Azúcar/,Bebidas y tabaco,Bebidas sin alcohol,Gaseosas,subcategory
walmart,/Jugos y Bebidas/Gaseosas/Sabor Cola/,Bebidas y tabaco,Bebidas sin alcohol,Gaseosas,subcategory
walmart,/Jugos y Bebidas/Gaseosas/Sabores Varios/,Bebidas y tabaco,Bebidas sin alcohol,Gaseosas,subcategory
walmart,/Jugos y Bebidas/Jugos y Néctares/Jugo de Frutas/,Bebidas y tabaco,Bebidas sin alcohol,Jugos y néctares,subcategory
walmart,/Jugos y Bebidas/Jugos y Néctares/Jugo de Verduras/,Bebidas y tabaco,Bebidas sin alcohol,Jugos y néctares,subcategory
walmart,/Jugos y Bebidas/Jugos y Néctares/Néctar/,Bebidas y tabaco,Bebidas sin alcohol,Jugos y néctares,subcategory
walmart,/Jugos y Bebidas/Polvo y Líquidos Concentrados/Bebidas en Polvo/,Bebidas y tabaco,Bebidas sin alcohol,Bebidas en polvo y concentrados,subcategory
walmart,/Jugos y Bebidas/Polvo y Líquidos Concentrados/Líquido Concentrado/,Bebidas y tabaco,Bebidas sin alcohol,Bebidas en polvo y concentrados,subcategory
walmart,"/Juguetes/Arte, manualidades y creatividad/Accesorios infantiles/",Juguetes,Juguetes,"Educativos, arte y manualidades",subcategory
walmart,"/Juguetes/Arte, manualidades y creatividad/Plasticina/",Juguetes,Juguetes,"Educativos, arte y manualidades",subcategory
walmart,/Juguetes/Bebes y preescolar/Estimulación temprana/,Juguetes,Juguetes,Bebé y preescolar,subcategory
walmart,/Juguetes/Bebes y preescolar/Sonajeros/,Juguetes,Juguetes,Bebé y preescolar,subcategory
walmart,/Juguetes/Bloques y construcción/Bloques de ensamble/,Juguetes,Juguetes,Bloques y construcción,subcategory
walmart,/Juguetes/Bloques y construcción/Sets de construcción/,Juguetes,Juguetes,Bloques y construcción,subcategory
walmart,/Juguetes/Figuras de acción y coleccionables/Coleccionables/,Juguetes,Juguetes,Figuras de acción y coleccionables,subcategory
walmart,/Juguetes/Figuras de acción y coleccionables/Mini figuras/,Juguetes,Juguetes,Figuras de acción y coleccionables,subcategory
walmart,/Juguetes/Figuras de acción y coleccionables/Mini patinetas/,Juguetes,Juguetes,Figuras de acción y coleccionables,subcategory
walmart,/Juguetes/Figuras de acción y coleccionables/Personajes/,Juguetes,Juguetes,Figuras de acción y coleccionables,subcategory
walmart,/Juguetes/Juegos de imitación y roles/Cocinitas/,Juguetes,Juguetes,Juegos de roles,subcategory
walmart,/Juguetes/Juegos de imitación y roles/Disfraces/,Juguetes,Juguetes,Juegos de roles,subcategory
walmart,"/Juguetes/Juegos de mesa, cartas y rompecabezas/Juegos familiares/",Juguetes,Juguetes,Juegos de mesa y rompecabezas,subcategory
walmart,"/Juguetes/Juegos de mesa, cartas y rompecabezas/Rompecabezas/",Juguetes,Juguetes,Juegos de mesa y rompecabezas,subcategory
walmart,/Juguetes/Juguetes educativos/Aprendizaje/,Juguetes,Juguetes,"Educativos, arte y manualidades",subcategory
walmart,/Juguetes/Juguetes educativos/Ciencia y experimentos/,Juguetes,Juguetes,"Educativos, arte y manualidades",subcategory
walmart,/Juguetes/Juguetes educativos/Juguetes Montessori/,Juguetes,Juguetes,"Educativos, arte y manualidades",subcategory
walmart,/Juguetes/Juguetes exterior/Accesorios para piscina/,Juguetes,Juguetes,Juegos de exterior,subcategory
walmart,/Juguetes/Juguetes exterior/Bolas y pelotas/,Juguetes,Juguetes,Juegos de exterior,subcategory
walmart,/Juguetes/Juguetes exterior/Casitas/,Juguetes,Juguetes,Juegos de exterior,subcategory
walmart,/Juguetes/Juguetes exterior/Juguetes para exterior/,Juguetes,Juguetes,Juegos de exterior,subcategory
walmart,/Juguetes/Juguetes exterior/Piscinas para niños/,Juguetes,Juguetes,Juegos de exterior,subcategory
walmart,/Juguetes/Juguetes exterior/Trampolines/,Juguetes,Juguetes,Juegos de exterior,subcategory
walmart,/Juguetes/Peluches y Muñecas/Accesorios y sets de juego/,Juguetes,Juguetes,Muñecas y peluches,subcategory
walmart,/Juguetes/Peluches y Muñecas/Animales de juguete/,Juguetes,Juguetes,Muñecas y peluches,subcategory
walmart,/Juguetes/Peluches y Muñecas/Barbies/,Juguetes,Juguetes,Muñecas y peluches,subcategory
walmart,/Juguetes/Peluches y Muñecas/Muñecas/,Juguetes,Juguetes,Muñecas y peluches,subcategory
walmart,/Juguetes/Peluches y Muñecas/Muñecos bebés/,Juguetes,Juguetes,Muñecas y peluches,subcategory
walmart,/Juguetes/Peluches y Muñecas/Peluches/,Juguetes,Juguetes,Muñecas y peluches,subcategory
walmart,"/Juguetes/Vehículos, pistas y control remoto/Carritos y camiones/",Juguetes,Juguetes,Vehículos y control remoto,subcategory
walmart,"/Juguetes/Vehículos, pistas y control remoto/Control remoto/",Juguetes,Juguetes,Vehículos y control remoto,subcategory
walmart,"/Juguetes/Vehículos, pistas y control remoto/Pistas y trenes/",Juguetes,Juguetes,Vehículos y control remoto,subcategory
walmart,"/Juguetes/Vehículos, pistas y control remoto/Vehículos de colección/",Juguetes,Juguetes,Vehículos y control remoto,subcategory
walmart,"/Limpieza/Accesorios para limpieza/Escobas, Cepillos y Escurridores de Piso/",Limpieza,Limpieza del hogar,Accesorios de limpieza,subcategory
walmart,/Limpieza/Accesorios para limpieza/Fibras y esponjas/,Limpieza,Limpieza del hogar,Accesorios de limpieza,subcategory
walmart,/Limpieza/Accesorios para limpieza/Guantes/,Limpieza,Limpieza del hogar,Accesorios de limpieza,subcategory
walmart,/Limpieza/Accesorios para limpieza/Prensas de Ropa y Tendederos/,Limpieza,Limpieza del hogar,Accesorios de limpieza,subcategory
walmart,/Limpieza/Accesorios para limpieza/Trapeadores y Quitapelusas/,Limpieza,Limpieza del hogar,Accesorios de limpieza,subcategory
walmart,/Limpieza/Aromatizantes/Aromatizante ambiental/,Limpieza,Aromatizantes,Aromatizantes,subcategory
walmart,/Limpieza/Aromatizantes/Aromatizante de baño/,Limpieza,Aromatizantes,Aromatizantes,subcategory
walmart,/Limpieza/Colorantes y Almidones/Colorantes/,Limpieza,Lavandería,"Quitamanchas, blanqueadores y colorantes",subcategory
walmart,/Limpieza/Desechables/Bolsas para Basura/,Limpieza,Papel y desechables,Bolsas para basura,subcategory
walmart,/Limpieza/Desechables/Bolsas para Cocina/,Limpieza,Papel y desechables,"Bolsas, aluminio y envolturas",subcategory
walmart,/Limpieza/Desechables/Palillos y Pajillas/,Limpieza,Papel y desechables,"Platos, vasos y cubiertos desechables",subcategory
walmart,/Limpieza/Desechables/Papel aluminio y adherente/,Limpieza,Papel y desechables,"Bolsas, aluminio y envolturas",subcategory
walmart,/Limpieza/Desechables/Servilletas/,Limpieza,Papel y desechables,Papel toalla y servilletas,subcategory
walmart,/Limpieza/Desechables/Toallas de cocina/,Limpieza,Papel y desechables,Papel toalla y servilletas,subcategory
walmart,/Limpieza/Desechables/Vasos y platos/,Limpieza,Papel y desechables,"Platos, vasos y cubiertos desechables",subcategory
walmart,/Limpieza/Detergente/Detergente en polvo/,Limpieza,Lavandería,Detergentes,subcategory
walmart,/Limpieza/Detergente/Detergente líquido/,Limpieza,Lavandería,Detergentes,subcategory
walmart,/Limpieza/Jabón de lavandería/Jabón de Barra/,Limpieza,Lavandería,Jabón de lavandería,subcategory
walmart,/Limpieza/Lavaplatos/Lavaplatos en polvo y en pasta/,Limpieza,Limpieza del hogar,Lavaplatos,subcategory
walmart,/Limpieza/Lavaplatos/Lavaplatos líquido/,Limpieza,Limpieza del hogar,Lavaplatos,subcategory
walmart,/Limpieza/Limpieza del hogar/Cera para Pisos/,Limpieza,Limpieza del hogar,Cuidado de pisos y calzado,subcategory
walmart,/Limpieza/Limpieza del hogar/Cloro/,Limpieza,Limpieza del hogar,Cloro y desinfectantes,subcategory
walmart,/Limpieza/Limpieza del hogar/Cuidado para Zapatos/,Limpieza,Limpieza del hogar,Cuidado de pisos y calzado,subcategory
walmart,/Limpieza/Limpieza del hogar/Desinfectantes/,Limpieza,Limpieza del hogar,Cloro y desinfectantes,subcategory
walmart,/Limpieza/Limpieza del hogar/Destapacaños/,Limpieza,Limpieza del hogar,Limpiadores multiusos y de cocina,subcategory
walmart,/Limpieza/Limpieza del hogar/Insecticidas y Trampas/,Limpieza,Limpieza del hogar,Insecticidas y control de plagas,subcategory
walmart,/Limpieza/Limpieza del hogar/Limpiadores Multiusos/,Limpieza,Limpieza del hogar,Limpiadores multiusos y de cocina,subcategory
walmart,/Limpieza/Limpieza del hogar/Limpiadores de Cocina/,Limpieza,Limpieza del hogar,Limpiadores multiusos y de cocina,subcategory
walmart,/Limpieza/Limpieza del hogar/Toallitas Desinfectantes/,Limpieza,Limpieza del hogar,Cloro y desinfectantes,subcategory
walmart,/Limpieza/Papel Higiénico/12 Rollos/,Limpieza,Papel y desechables,Papel higiénico,subcategory
walmart,/Limpieza/Papel Higiénico/16 Rollos/,Limpieza,Papel y desechables,Papel higiénico,subcategory
walmart,/Limpieza/Papel Higiénico/18 Rollos/,Limpieza,Papel y desechables,Papel higiénico,subcategory
walmart,/Limpieza/Papel Higiénico/24 Rollos/,Limpieza,Papel y desechables,Papel higiénico,subcategory
walmart,/Limpieza/Papel Higiénico/3 Rollos/,Limpieza,Papel y desechables,Papel higiénico,subcategory
walmart,/Limpieza/Papel Higiénico/32 Rollos/,Limpieza,Papel y desechables,Papel higiénico,subcategory
walmart,/Limpieza/Papel Higiénico/4 Rollos/,Limpieza,Papel y desechables,Papel higiénico,subcategory
walmart,/Limpieza/Papel Higiénico/40 Rollos/,Limpieza,Papel y desechables,Papel higiénico,subcategory
walmart,/Limpieza/Papel Higiénico/6 Rollos/,Limpieza,Papel y desechables,Papel higiénico,subcategory
walmart,/Limpieza/Papel Higiénico/9 Rollos/,Limpieza,Papel y desechables,Papel higiénico,subcategory
walmart,/Limpieza/Papel Higiénico/Papel Higiénico Húmedo/,Limpieza,Papel y desechables,Papel higiénico,subcategory
walmart,/Limpieza/Quitamanchas para ropa/Quitamanchas liquido/,Limpieza,Lavandería,"Quitamanchas, blanqueadores y colorantes",subcategory
walmart,/Limpieza/Suavizante/Suavizante Regular/,Limpieza,Lavandería,Suavizantes,subcategory
walmart,/Lácteos/Crema o Natilla/Regular/,Alimentos,Lácteos y huevos,"Mantequillas, margarinas y cremas",subcategory
walmart,/Lácteos/Huevo/Blanco/,Alimentos,Lácteos y huevos,Huevos,subcategory
walmart,/Lácteos/Huevo/Marrón/,Alimentos,Lácteos y huevos,Huevos,subcategory
walmart,/Lácteos/Huevo/Pastoreo y Especializado/,Alimentos,Lácteos y huevos,Huevos,subcategory
walmart,/Lácteos/Leche/Condensada/,Alimentos,Lácteos y huevos,Leche,subcategory
walmart,/Lácteos/Leche/En Polvo/,Alimentos,Lácteos y huevos,Leche,subcategory
walmart,/Lácteos/Leche/Evaporada/,Alimentos,Lácteos y huevos,Leche,subcategory
walmart,/Lácteos/Leche/Leche Deslactosada/,Alimentos,Lácteos y huevos,Leche,subcategory
walmart,/Lácteos/Leche/Leche Entera/,Alimentos,Lácteos y huevos,Leche,subcategory
walmart,/Lácteos/Leche/Leche Especializada/,Alimentos,Lácteos y huevos,Leche,subcategory
walmart,/Lácteos/Leche/Leche Saborizada/,Alimentos,Lácteos y huevos,Leche,subcategory
walmart,/Lácteos/Leche/Leche Semi y Descremada/,Alimentos,Lácteos y huevos,Leche,subcategory
walmart,/Lácteos/Leche/Leche de Soya/,Bebidas y tabaco,Bebidas sin alcohol,Bebidas vegetales,subcategory
walmart,/Lácteos/Mantequillas y margarinas/Mantequillas/,Alimentos,Lácteos y huevos,"Mantequillas, margarinas y cremas",subcategory
walmart,/Lácteos/Mantequillas y margarinas/Margarinas/,Alimentos,Lácteos y huevos,"Mantequillas, margarinas y cremas",subcategory
walmart,/Lácteos/Queso/Más Quesos/,Alimentos,Lácteos y huevos,Quesos,subcategory
walmart,/Lácteos/Queso/Queso Americano/,Alimentos,Lácteos y huevos,Quesos,subcategory
walmart,/Lácteos/Queso/Queso Crema/,Alimentos,Lácteos y huevos,Quesos,subcategory
walmart,/Lácteos/Queso/Queso Fresco/,Alimentos,Lácteos y huevos,Quesos,subcategory
walmart,/Lácteos/Queso/Queso Mozzarella/,Alimentos,Lácteos y huevos,Quesos,subcategory
walmart,/Lácteos/Yogurt/Yogurt Batido/,Alimentos,Lácteos y huevos,Yogurt,subcategory
walmart,/Lácteos/Yogurt/Yogurt Bebible/,Alimentos,Lácteos y huevos,Yogurt,subcategory
walmart,/Lácteos/Yogurt/Yogurt Natural/,Alimentos,Lácteos y huevos,Yogurt,subcategory
walmart,/Mascota/Accesorios mascotas/Bebederos y Comederos/,Mascotas,Accesorios e higiene de mascotas,Accesorios y juguetes para mascotas,subcategory
walmart,/Mascota/Accesorios mascotas/Camas para mascotas/,Mascotas,Accesorios e higiene de mascotas,Accesorios y juguetes para mascotas,subcategory
walmart,/Mascota/Gatos/,Mascotas,Gatos,,category
walmart,/Mascota/Gatos/Accesorios Gatos/,Mascotas,Accesorios e higiene de mascotas,Accesorios y juguetes para mascotas,subcategory
walmart,/Mascota/Gatos/Alimento Húmedo Gato/,Mascotas,Gatos,Alimento para gato,subcategory
walmart,/Mascota/Gatos/Alimento Seco Gato/,Mascotas,Gatos,Alimento para gato,subcategory
walmart,/Mascota/Gatos/Arena Gato/,Mascotas,Gatos,Arena para gato,subcategory
walmart,/Mascota/Gatos/Juguetes de gatos/,Mascotas,Accesorios e higiene de mascotas,Accesorios y juguetes para mascotas,subcategory
walmart,/Mascota/Limpieza y cuidado/Higiene del hogar/,Mascotas,Accesorios e higiene de mascotas,Higiene y salud de mascotas,subcategory
walmart,/Mascota/Limpieza y cuidado/Higiene y Grooming/,Mascotas,Accesorios e higiene de mascotas,Higiene y salud de mascotas,subcategory
walmart,/Mascota/Limpieza y cuidado/Salud y Antiparasitarios/,Mascotas,Accesorios e higiene de mascotas,Higiene y salud de mascotas,subcategory
walmart,/Mascota/Otras mascotas/Alimento para aves/,Mascotas,Otras mascotas,Otras mascotas,subcategory
walmart,/Mascota/Otras mascotas/Alimento tortugas/,Mascotas,Otras mascotas,Otras mascotas,subcategory
walmart,/Mascota/Perros/Alimento Húmedo Perro/,Mascotas,Perros,Alimento para perro,subcategory
walmart,/Mascota/Perros/Alimento Seco Perro/,Mascotas,Perros,Alimento para perro,subcategory
walmart,/Mascota/Perros/Collares y Correas/,Mascotas,Accesorios e higiene de mascotas,Accesorios y juguetes para mascotas,subcategory
walmart,/Mascota/Perros/Juguetes de perros/,Mascotas,Accesorios e higiene de mascotas,Accesorios y juguetes para mascotas,subcategory
walmart,/Mascota/Perros/Snacks y Premios Perro/,Mascotas,Perros,Snacks y premios para perro,subcategory
walmart,/Panadería y tortillería/Pan Dulce/Empacados/,Alimentos,Panadería y tortillas,"Pan dulce, pasteles y repostería",subcategory
walmart,/Panadería y tortillería/Pan Salado/Bagels/,Alimentos,Panadería y tortillas,Pan salado y de molde,subcategory
walmart,/Panadería y tortillería/Pan Salado/Bollos y Hot Dog/,Alimentos,Panadería y tortillas,Pan salado y de molde,subcategory
walmart,/Panadería y tortillería/Pan Salado/Empanizadores/,Alimentos,Panadería y tortillas,Pan salado y de molde,subcategory
walmart,/Panadería y tortillería/Pan Salado/Pan Europeo y Rústico/,Alimentos,Panadería y tortillas,Pan salado y de molde,subcategory
walmart,/Panadería y tortillería/Pan Salado/Pan Tostado/,Alimentos,Panadería y tortillas,Pan salado y de molde,subcategory
walmart,/Panadería y tortillería/Pan y Tortillas Empacados/Crutones/,Alimentos,Panadería y tortillas,Pan salado y de molde,subcategory
walmart,"/Panadería y tortillería/Repostería y Pastelería/Pasteles, Tartas y Pays/",Alimentos,Panadería y tortillas,"Pan dulce, pasteles y repostería",subcategory
walmart,/Panadería y tortillería/Tortillería/Tortillas de Harina/,Alimentos,Panadería y tortillas,Tortillas,subcategory
walmart,/Panadería y tortillería/Tortillería/Tortillas de Maíz/,Alimentos,Panadería y tortillas,Tortillas,subcategory
walmart,/Ropa y Zapatería/Hombre/Accesorios para Hombre/,"Ropa, calzado y accesorios",Ropa,Hombre,subcategory
walmart,/Ropa y Zapatería/Hombre/Ropa Deportiva para Hombre/,"Ropa, calzado y accesorios",Ropa,Hombre,subcategory
walmart,/Ropa y Zapatería/Hombre/Ropa interior para Hombre/,"Ropa, calzado y accesorios",Ropa,Hombre,subcategory
walmart,/Ropa y Zapatería/Hombre/Ropa para Hombre/,"Ropa, calzado y accesorios",Ropa,Hombre,subcategory
walmart,/Ropa y Zapatería/Mujer/Accesorios para Mujer/,"Ropa, calzado y accesorios",Ropa,Mujer,subcategory
walmart,/Ropa y Zapatería/Mujer/Pijamas y Lenceria Mujer/,"Ropa, calzado y accesorios",Ropa,Mujer,subcategory
walmart,/Ropa y Zapatería/Mujer/Ropa Deportiva para Mujer/,"Ropa, calzado y accesorios",Ropa,Mujer,subcategory
walmart,/Ropa y Zapatería/Mujer/Ropa para Embarazadas/,"Ropa, calzado y accesorios",Ropa,Mujer,subcategory
walmart,/Ropa y Zapatería/Mujer/Ropa para Mujer/,"Ropa, calzado y accesorios",Ropa,Mujer,subcategory
walmart,/Ropa y Zapatería/Mujer/Trajes de Baño Mujer/,"Ropa, calzado y accesorios",Ropa,Mujer,subcategory
walmart,/Ropa y Zapatería/Ropa Para Niñas/Ropa Interior y Pijamas de Niñas/,"Ropa, calzado y accesorios",Ropa,Niñas,subcategory
walmart,/Ropa y Zapatería/Ropa Para Niñas/Ropa de niñas/,"Ropa, calzado y accesorios",Ropa,Niñas,subcategory
walmart,/Ropa y Zapatería/Ropa Para Niños/Ropa Interior y Pijamas de Niños/,"Ropa, calzado y accesorios",Ropa,Niños,subcategory
walmart,/Ropa y Zapatería/Ropa Para Niños/Ropa de niños/,"Ropa, calzado y accesorios",Ropa,Niños,subcategory
walmart,/Ropa y Zapatería/Ropa para bebé/Conjuntos para bebé/,"Ropa, calzado y accesorios",Ropa,Bebé,subcategory
walmart,/Ropa y Zapatería/Ropa para bebé/Mamelucos/,"Ropa, calzado y accesorios",Ropa,Bebé,subcategory
walmart,/Ropa y Zapatería/Ropa para bebé/Pañaleros/,"Ropa, calzado y accesorios",Ropa,Bebé,subcategory
walmart,/Ropa y Zapatería/Ropa para bebé/Pijamas para bebé/,"Ropa, calzado y accesorios",Ropa,Bebé,subcategory
walmart,/Ropa y Zapatería/Ropa para bebé/Ropa interior para bebé/,"Ropa, calzado y accesorios",Ropa,Bebé,subcategory
walmart,"/Ropa y Zapatería/Ropa para bebé/Zapatos, guantes y gorros para niños/","Ropa, calzado y accesorios",Ropa,Bebé,subcategory
walmart,/Ropa y Zapatería/Zapatería/Zapatos Para Hombre/,"Ropa, calzado y accesorios",Calzado,Calzado,subcategory
walmart,/Ropa y Zapatería/Zapatería/Zapatos Para Mujer/,"Ropa, calzado y accesorios",Calzado,Calzado,subcategory
